month,focus_group,전속_monthly_first_premium,전속_share_pct,전속_yoy,GA_대리점_monthly_first_premium,GA_대리점_share_pct,GA_대리점_yoy,방카슈랑스_monthly_first_premium,방카슈랑스_share_pct,방카슈랑스_yoy,CM_온라인_monthly_first_premium,CM_온라인_share_pct,CM_온라인_yoy,기타_monthly_first_premium,기타_share_pct,기타_yoy
2023-01,전체,23025523.557,27.381147947625273,,35044188.355000004,41.673324112579785,,5725095.985,6.808084072076784,,687474.243,0.8175203448106633,,19610333.703,23.31992352290751,
2023-01,보장성보험,125172.31,27.661289834273546,,318515.63,70.3873976455035,,0,0,,0,0,,8830.04,1.9513125202229538,
2023-02,전체,478705,19.68643196249654,,533824,39.124406087598516,,-100,24.90158012681509,,175052,2.8648619021261337,,23129432,13.422719920963727,
2023-02,보장성보험,-39372592.795,24.28482601246319,,-78038699.63700001,75.71517398753682,,-14495133.472,0,,-5682462.674000001,0,,-4306882.651,0,
2023-03,전체,761477.7599999905,21.765969651115704,,746594.099999994,37.89615738913862,,-100,29.895823857506205,,242892,0.9455354627023356,,30400881.2,9.49651363953714,
2023-03,보장성보험,-75386583.43,23.890244508338505,,-130628410.24599999,76.1097554916615,,-25434013.163000003,0,,-3101651.7329999995,0,,-3211768.932,0,
2023-04,전체,910688.6700000018,22.995218036129025,,871833.5600000024,39.701742176990265,,-100,26.639306196897326,,270922,0.9851018195795311,,38814281.2,9.678631770403866,
2023-04,보장성보험,-98914886.07699999,32.36408241306213,,-170852129.853,67.63591758693788,,-34130222.732999995,0,,-4107327.774,0,,-4226654.259,0,
2023-05,전체,784364.4899999946,23.92399973510111,,863903.3599999845,41.39556001580059,,0,24.34714807196269,,300956,1.0268936340876251,,44199814.2,9.306398543047997,
2023-05,보장성보험,-123905229.307,34.38267481845227,,-214861253.42900002,65.5703950052324,,-44230560.802,0.00263052978534389,,-5138746.844,0.04124975692379839,,-5287290.916999999,0.0030498896061958145,
2023-06,전체,1064540.2600000203,24.085601338251585,,1271646.219999969,42.098263234851714,,-100,23.88035098456747,,331466,1.0228253361531003,,51241979.199999996,8.912959106176144,
2023-06,보장성보험,-151193270.983,30.324461923484503,,-263948472.33900002,69.64704053744283,,-53675595.001,0.0015973437823025886,,-6266989.342,0.025048202499295666,,-6416262.225000001,0.0018519927910754653,
2023-07,전체,1197599.6100000143,24.24951961001711,-0.9479881703000004,1393466.2400000095,42.47751965690993,-0.960236880766531,-100,23.107108333649833,-1.0000174669560584,362397,1.0189933037272392,-0.4728573416531621,61048191.20000001,9.146859095695882,2.11306233359307
2023-07,보장성보험,-176505287.65600002,30.475136054257028,-1411.0985086557885,-308901201.01100004,69.4995963052087,-970.8148910651576,-62439260.223,0.0014163015409136622,,-7254923.646,0.022209250250269312,,-7493097.017,0.0016420887430883039,-849.5915145344754
2023-08,전체,1321425.3400000036,25.87530141715913,1.7604168329138061,1493092,45.543935779783205,1.7969742836590337,-100,26.32964087748524,0,392694,1.06523377393128,1.24329913397162,623726.0600000005,1.1858881516411484,-0.9730332305609579
2023-08,보장성보험,-205764099.422,30.389229998410922,4.22607440392217,-362518502.107,64.07006532135604,3.6453683082018107,-71540652.15799999,0.0013039886997110338,3.935494543475149,-8291742.43,0.020448054682425193,0.4591811518514163,-8485023.988,5.518952636850903,0.9701080051553976
2023-09,전체,1613912.3700000048,26.144781742703866,1.1194478089550837,1549054.3400000334,45.848604979234345,1.0748279955601654,-100,25.81067547950129,0,421251,1.043860347740392,0.7343140161059236,768094.5999999996,1.1520774508201086,-0.9747344626313004
2023-09,보장성보험,-234262832.918,30.53302754556148,2.107487065460714,-411268434.0379999,69.46697245443852,2.1483842853441866,-78635922.19600001,0,2.091762267010037,-9198394.991,0,1.9656440447951486,-9849537.765,0,2.0667018622870224
2023-10,전체,1762960.300000012,25.71006412861444,0.935853994977239,1642513.3600000143,45.34696227469571,0.8839758359382378,-100,26.77218770354939,0,469282,1.025773104600786,0.7321664538132747,803147.6000000015,1.1450127885396573,-0.9793079357605107
2023-10,보장성보험,-257891647.041,30.470195411123534,1.6072076435517,-455385429.675,69.52098638323069,1.665377540606667,-84249909.462,0,1.4684840213638581,-10104290.108,0,1.460064222768309,-11001327.186999999,0.008818205645757762,1.6028453033683538
2023-11,전체,1932653.4000000358,26.066204538116867,1.4639736049244771,1861551.3600000143,46.17635770836358,1.1548143533092032,-100,25.550449557310944,,513630,1.035729680189667,0.7066614388814312,853192.5999999996,1.171258516018966,-0.9806969188571838
2023-11,보장성보험,-282904862.11,30.622356607711737,1.28323585446944,-502126783.246,69.3694105114156,1.3369815414947563,-90618036.198,0,1.0487652554001183,-11035841.245000001,0,1.1475744145453377,-12213658.658,0.008232880872667587,1.3100031471182998
2023-12,전체,2474174.100000024,26.4860695392737,1.3241714690997002,2275764.7000000477,47.130203209126655,0.7896209371818077,-100,24.13815144478957,0,721720,1.0660592226121173,1.1773575570345074,887175.5999999996,1.1795165841979594,-0.9826865469708477
2023-12,보장성보험,-308413351.112,30.53196659488076,1.039861622854086,-550515219.9050001,69.46045714995648,1.0856920103631078,-94402976.244,0,0.7587690689267856,-12036269.429000001,0,0.9205823996437237,-13251467.698,0.00757625516274677,1.0652939723017631
2024-01,전체,27104318.773000002,21.920127926066208,21.632204074448286,47420490.549,38.350464656811674,33.030598795848604,47030833.732,38.03533674869349,-470309.33732,1166779.4430000002,0.9436117862346645,2.2196167269596607,927945.167,0.7504588821939794,-0.9847997926103992
2024-01,보장성보험,216115.35,33.16716556326863,-1.0012244128936307,435478.919,66.83283443673137,-1.0014097676460136,0,0,-1,0,0,-1,0,0,-1
2024-02,전체,434245.5,26.47307523521055,-0.6713809801770573,372152.9999999851,46.56100120749732,-0.750750121224958,0,24.963066872388946,-1,132821,1.0302058172134267,-0.6617697240090248,152669,0.9726508676897611,-0.7552306857276416
2024-02,보장성보험,-51849393.864,33.55623605796934,-0.7480153534574441,-92874739.15599999,66.44376394203066,-0.7438068991894174,-51170734.9,0,-0.28473205993443185,-1986752.057,0,-0.7603939010681497,-1881582.6320000002,0,-0.7782466337560106
2024-03,전체,613288.8999999911,27.974840785824306,-0.6199986372246535,500580.2000000179,50.937180378019676,-0.6768478761048453,0,19.016735548327627,-1,179521,1.0657149313965844,-0.5738384003836192,209585,1.0055283564318265,-0.7271364751164764
2024-03,보장성보험,-84665457.994,32.21065276055202,-0.638587748046077,-156422591.889,67.78934723944798,-0.619658162545616,-59958958.001,0,-0.23751186065380755,-3192857.256,0,-0.6528897422730822,-3003528.3440000005,0,-0.6950589544747027
2024-04,전체,768376.8400000036,28.691168629093234,-0.5641553357724514,607527.3400000036,52.478050195173964,-0.6301233494989664,0,16.68076149062713,-1,211741,1.0887858198963818,-0.5487979509122447,269695.28000000026,1.0612338652092994,-0.6642020968499442
2024-04,보장성보험,-108901745.374,30.948475017178257,-0.5777228668569997,-200071464.24600002,68.36049072041534,-0.5606546647994706,-65723486.223000005,0.6910342624063945,-0.21989843499305045,-4099351.275,0,-0.5942959642702292,-3970692.5889999997,0,-0.6390714936928636
2024-05,전체,933192.400000006,29.201162806532903,-0.5171444605639125,760333.3110000193,53.69743195442611,-0.5915593158815594,0,14.895887481192698,-1,255301,1.099726392744366,-0.5029476471389911,316397.27999999933,1.1057913651039153,-0.6291607780001849
2024-05,보장성보험,-134587201.79500002,31.36074130690266,-0.5242669185987006,-250256281.383,68.63925869309733,-0.5016073833679663,-71006187.674,0,-0.21642323478681666,-5015428.562,0,-0.545532737318749,-5011574.697000001,0,-0.5896745735793593
2024-06,전체,1043048.400000006,28.89023632057519,-0.5784256249388449,884815.3110000193,52.6031178316846,-0.6112008807413171,0,15.41364208521602,-1,277282,1.143517571751277,-0.6158039128747991,357180.27999999933,1.9494861907729237,-0.5973961862792445
2024-06,보장성보험,-139400846.46,32.050283602022276,-0.548006446681432,-256882512.811,67.94971639797772,-0.533378000238887,-77229937.582,0,-0.1819120471118777,-5480422.997,0,-0.5446742838943474,-9489355.844,0,-0.2839015224379865
2024-07,전체,1181331.3999999762,29.625728371054443,-0.9564153812573677,979179.8109999895,55.17151739606636,-0.9793511243839159,0,12.919111903467753,-1,299677,1.104644128277473,-0.7431588276619989,432413.28000000026,1.1789982011339664,-0.534009879702299
2024-07,보장성보험,-187224789.55700004,31.832479402866703,-867.3187948334074,-352016704.11,68.16741223588755,-809.3438457097852,-84051072.64600001,0,,-6927672.197000001,0.00010836124574180778,,-7308681.8,0,
2024-08,전체,972950.400000006,25.77920871319499,1.2405537881221704,1010893.9109998941,51.50944241134319,1.7163395458317805,345321,20.014544285604924,,318537,1.3590471314762105,1.398242747758261,479544.2800000012,1.3377574583807026,2.1410717303447404
2024-08,보장성보험,-186180410.745,29.765967940153676,2.5907924253338,-371274561.18999994,65.95397608630549,2.9975838916368516,-145455207.04500002,4.279958071186326,1.8425467668043989,-9733477.336,0.00009790235451033076,3.89919076802043,-9459088.162999999,0,4.027197850431688
2024-09,전체,1369477.800000012,30.24938409004442,1.2330060107072407,1129779.9110000134,55.831504647203545,1.2569408678169312,0,11.496308399148987,,347957,1.1200343053578663,0.9382523493073234,537703.2799999993,1.3027685582451842,1.5655618484147211
2024-09,보장성보험,-240469779.336,30.882673666436368,1.840234790356197,-446972880.86599994,69.11723800111189,1.8574701100924036,-93724457.914,0,0.5631435408273249,-8834357.002,0.00008833245176074269,1.7669126095125376,-10168116.094,0,2.38539042400327
2024-10,전체,1461164.9000000358,31.779018867955287,0.9016253795468757,1206456.8109999895,55.52898472505379,0.985847766126842,0,10.36462558749335,,385187,1.0737118800753964,0.8191422539800983,584216,1.2536589394221773,1.1662077289598818
2024-10,보장성보험,-267162012.997,30.65494978039721,1.4532390374413984,-498106307.189,69.34496853581234,1.4896419340268736,-97817173.33199999,0,0.4883138274209313,-9804865.955,0.00008168379044807726,1.3918091661954488,-11338603.912,0,1.8555733434039463
2024-11,전체,1585386.8999999762,31.641771727397256,0.6988853531168557,1303127.8109999895,54.982250770315545,0.7138902007148237,0,10.073952825474516,,439097,1.0641561941546704,0.7199188408976072,631895.5399999991,2.2378684826580093,0.9971585722860843
2024-11,보장성보험,-298023020.51900005,30.802318946811656,1.2143488871470969,-553020388.59,69.19733529826901,1.209816215336631,-106537711.969,0,0.5004003940914351,-10876973.73,0.00034575491932634057,1.1687027530230827,-12597359.366,0,1.5136529190198358
2024-12,전체,1944341.050000012,31.59433578334825,0.8640947534170043,1633124.4309999943,55.582918794813594,0.8457235207133058,0,9.498306557525694,,610507,1.0863067762443808,1.2017548921314762,658938.5400000028,2.2381320880680806,0.8448346028509862
2024-12,보장성보험,-327091542.394,32.5084020356851,1.3464100161533552,-612487830.126,67.48930385272656,1.3843111133712511,-109567746.398,0,0.4187211569563275,-11993999.24,0.002294111588340591,1.1885170627459871,-13741092.571999999,0,0.44805325017802106
2025-01,전체,24098558.636,26.70212311081015,19.399490469821156,43638374.635,48.352985315840314,43.56625243369164,7021145.422,7.779697212142637,,1233068.737,1.3662872421871257,3.114659239781498,14258450.087,15.798907119019765,31.974126250239102
2025-01,보장성보험,211332,38.29900597142055,-1.0011287607826935,340463,61.70099402857946,-1.0009671785344982,0,0,-1,0,0,-1,0,0,-1
2025-02,전체,366003.200000003,26.552451621230038,-0.6238213170990003,309789.81599999964,49.476143549963005,-0.6935486378648965,0,14.76206831555474,-1,121570.00000000047,1.2046441821204754,-0.6183488888261004,111444,8.004692331131746,-0.7676043597058446
2025-02,보장성보험,-49316388.931,35.32360735484051,-0.7351150492489478,-92402084.987,64.64725408558786,-0.751121960279651,-27401343.738,0,-0.8116166186506973,-2170970.2229999998,0.029138559571633648,-0.7769584139297779,-1730871.665,0,-0.8170149558632462
2025-03,전체,522227.59999999404,26.851676973284423,-0.6186666187652041,439439.61599999666,51.270129221925686,-0.6110396266375182,0,15.580956150900633,,188230,1.132891268735364,-0.4590423529344143,155057,5.164346385153915,-0.7116309203098032
2025-03,보장성보험,-82940406.751,32.544117920085185,-0.6550901032968874,-159031216.341,67.43865431044334,-0.6442038809314772,-47485961.965,0,-0.49334503477659664,-3388966.302,0.017227769471472535,-0.6163878931728958,-2759738.9409999996,0,-0.7285889622534438
2025-04,전체,644044,27.163868342351165,-0.5592256561870709,538063.1159999967,51.75984344315061,-0.5540137772905314,0,15.882222985250117,,227630,1.110346440574167,-0.4090402843294296,193849,4.083718788673924,-0.6681895052514824
2025-04,보장성보험,-112641430.33399999,33.12768796557969,-0.5783778199961951,-215554425.637,66.8596773145614,-0.5672521658008024,-61597571.447000004,0,-0.3702785579590151,-4476987.513,0.012634719858927121,-0.5433912576115376,-3716660.2830000003,0,-0.6722118250319564
2025-05,전체,766528.2000000179,27.36672811678472,-0.5165040155182123,642944.3159999847,51.89958016429661,-0.5066145388251637,0,16.096234788400977,,260010,1.0935796652256233,-0.4078529345452144,236805,3.5438772652920565,-0.6252466032597724
2025-05,보장성보험,-137709673.885,33.017149440822585,-0.5379226958871102,-262423741.309,66.972404947976,-0.5254718510865672,-71416214.41999999,0,-0.3296625852000609,-5364214.055,0.010445611201419418,-0.5068284443673103,-4597562.578,0,-0.6350375944335825
2025-06,전체,882758.2000000179,27.380983057914786,-0.54598592669737,734897.3159999847,51.72704388218906,-0.5500053137102403,0,16.653255859774045,,277380,1.0788818219701515,-0.5456563151610055,281072,3.159835378151965,-0.5734473202918154
2025-06,보장성보험,-162752119.267,32.34681823944923,-0.5024263908635217,-309005338.498,67.64422841711284,-0.49549146399458754,-82160200.342,0,-0.25014246397332396,-6278368.861,0.008953343437937463,-0.47654083218034293,-5529848.602,0,-0.5975684922414334
2025-07,전체,985443.1999999881,27.293898524406668,-0.9591077949978357,812421.3159999847,51.654125699176376,-0.9813828694859688,0,17.123960508786553,-1,317540,1.072903645448597,-0.7424798873965774,325000,2.8551116221818,-0.9772064987416609
2025-07,보장성보험,-191494187.449,31.905848434590567,-907.1296322800143,-364887644.981,68.08643740407167,-1072.7394988031006,-92152181.84300001,0,,-7389286.443,0.0077141613377604435,,-6792218.508,0,
2025-08,전체,1069817.199999988,25.491144288999983,1.9229722581659925,888446.3159999847,48.187644114339804,1.867900331494389,0,22.836422519943117,,361970,1.0156396002064525,1.977461544788999,376996,2.469149476510653,2.3828290441836257
2025-08,보장성보험,-217231999.557,32.05261098898775,3.404864270596447,-413418299.305,67.9376571484806,3.474123060785518,-100620210.378,0,2.6720903668114846,-8408474.43,0.009731862531649187,2.8731412991840015,-7777512.114999999,0,3.4934077276029583
2025-09,전체,1170952.699999988,24.14117416824623,1.2422267608988906,962716.3160000443,45.71843304818622,1.1907818069822171,0,26.99076187685038,,411740,0.9650994100213859,1.1874302714763854,420667,2.1845314966957914,1.7129829675538673
2025-09,보장성보험,-243378681.65,32.15592751195339,1.9343801312749844,-464312269.22,67.83510172742747,1.9196297425305882,-112321550.447,0,1.365363273672074,-9456613.578,0.008970760619139493,1.7904123957854565,-8737986.476,0,2.1662366125231265
2025-10,전체,1256358.8600000143,22.5490673493643,0.9507345150331566,1028156.3159999847,42.674602040989384,0.910847046427154,0,31.92715223162596,,433290,0.9101034211945108,0.903483723586522,448330.6600000039,1.939074956825843,1.3127829392981334
2025-10,보장성보험,-266918454.42799997,32.83345965543878,1.369629483898986,-508869863.15800005,67.15841638236702,1.360748853354335,-121567557.107,0,0.9735771110976278,-10487911.474000001,0.008123962194197374,1.3426269212379642,-9660843.55,0,1.5993345677001172
2025-11,전체,1371245.060000062,21.950722940918112,0.7889036045901899,1122047.9160000086,41.74953515458839,0.7451712194622391,0,33.56221854592598,,483310,0.9201624280642279,0.8588131225722088,486636.6600000039,1.8173609305032918,1.055010071577897
2025-11,보장성보험,-291043265.709,32.41965166236474,1.1134554857202508,-557612028.989,67.57283791592344,1.124853590637671,-130775402.208,0,0.8311724202981078,-11895694.907,0.007510421711814163,1.2176025760776619,-10790566.64,0,1.3470189816739893