month,company_name_short,company_name,gross_written_current,gross_written_yoy_reported_pct,gross_loss_ratio_current,gross_loss_ratio_diff_pp,gross_loss_ratio_ma3,retained_premium_current,retained_loss_ratio_current,retained_loss_ratio_ma3
2023-01,삼성,삼성화재,3691603179,85.7,90.6,-1.1,90.6,3605627469,91,91
2023-01,DB,DB손해보험,1407467533,4.3,80.6,-98.7,80.6,1315309261,81.7,81.7
2023-01,현대,현대해상,1389096792,3.8,83.1,-5,83.1,1297582670,84.9,84.9
2023-01,메리츠,메리츠화재,1039213344,19.6,81.9,4.2,81.9,956517998,83.4,83.4
2023-01,KB,KB손해보험,1171116689,0.3,76.5,-14.7,76.5,1032923617,82.8,82.8
2023-01,한화,한화손해보험,499247336,-2.1,84.2,-0.7,84.2,477411337,86.5,86.5
2023-01,롯데,롯데손해보험,751528797,115.6,99.9,-4.6,99.9,725965598,99.4,99.4
2023-01,흥국,흥국화재,264308866,-3.4,89.2,-2.2,89.2,244776633,89.5,89.5
2023-01,서울보증,서울보증보험,157235653,-11,54.1,36.3,54.1,145725259,53.3,53.3
2023-01,농협,농협손해보험,349182072,-1.3,81.5,9.5,81.5,241327238,89,89
2023-01,캐롯,캐롯손해보험,28216915,51.5,89.1,-2,89.1,13029651,99.5,99.5
2023-02,삼성,삼성화재,5367954998,46.2,87.5,1.9,89.05,5240621984,88.3,89.65
2023-02,DB,DB손해보험,2872707074,9.9,82.2,-1.6,81.4,2703856411,82.4,82.05000000000001
2023-02,현대,현대해상,3040657921,17.7,83.8,-0.4,83.44999999999999,2873319870,86.1,85.5
2023-02,메리츠,메리츠화재,1985989919,15.4,80.9,5.3,81.4,1844294384,81.8,82.6
2023-02,KB,KB손해보험,2187331290,-0.2,80.1,-5.5,78.3,1970718626,83.3,83.05
2023-02,한화,한화손해보험,1000213525,-4.6,84.2,-0.2,84.2,958436193,86.3,86.4
2023-02,롯데,롯데손해보험,1101735513,102.1,99.5,-13.4,99.7,1055495938,99.8,99.6
2023-02,흥국,흥국화재,523650756,-3,87.9,-1.2,88.55000000000001,490015640,89,89.25
2023-02,서울보증,서울보증보험,306813822,-1.9,63.1,32.1,58.6,303117801,67.2,60.25
2023-02,농협,농협손해보험,902165355,0.1,83.4,7.8,82.45,531828493,88,88.5
2023-02,캐롯,캐롯손해보험,57274619,51.4,84.2,-1.4,86.65,27816560,93.4,96.45
2023-03,삼성,삼성화재,7205358372,30.6,86.1,2.5,88.06666666666666,6993486153,86.9,88.73333333333335
2023-03,DB,DB손해보험,4618054001,16,83.3,1.8,82.03333333333335,4363404389,83.1,82.4
2023-03,현대,현대해상,4523801059,13,84.7,1.7,83.86666666666666,4259716237,86.2,85.73333333333333
2023-03,메리츠,메리츠화재,3128201157,19.9,82.2,6.2,81.66666666666667,2923286524,83.2,82.8
2023-03,KB,KB손해보험,3283565540,-1,85.1,1,80.56666666666666,2957559031,84.1,83.39999999999999
2023-03,한화,한화손해보험,1519754986,-3.8,84.4,0.4,84.26666666666667,1455621480,86.3,86.36666666666667
2023-03,롯데,롯데손해보험,1681460234,114.3,94.5,-16.2,97.96666666666665,1613838952,94.7,97.96666666666665
2023-03,흥국,흥국화재,791374281,-3.3,89.8,0.6,88.96666666666668,715552786,92.4,90.3
2023-03,서울보증,서울보증보험,477030203,0.5,61.9,27.2,59.699999999999996,463606868,65.3,61.93333333333334
2023-03,농협,농협손해보험,1288374567,-0.5,83.4,5.8,82.76666666666667,800653523,86.8,87.93333333333334
2023-03,캐롯,캐롯손해보험,89809550,42.4,84.8,4.6,86.03333333333335,45726558,93.5,95.46666666666665
2023-04,삼성,삼성화재,8923697120,23.5,84.7,1.9,86.10000000000001,8629293147,85.6,86.93333333333332
2023-04,DB,DB손해보험,6121063193,15.2,82.6,1.4,82.7,5764381426,82.8,82.76666666666667
2023-04,현대,현대해상,5908467997,11.1,84,1.3,84.16666666666667,5539865433,85.7,86
2023-04,메리츠,메리츠화재,4084251961,17.5,81,5.5,81.36666666666667,3803229951,82,82.33333333333333
2023-04,KB,KB손해보험,4311952077,-0.7,84.2,0.3,83.13333333333333,3903889396,83.8,83.73333333333333
2023-04,한화,한화손해보험,2035546617,-2.4,83.4,-0.5,84.00000000000001,1933105797,85.5,86.03333333333335
2023-04,롯데,롯데손해보험,2059850059,106.7,91.5,-25.1,95.16666666666667,1969600454,91.7,95.39999999999999
2023-04,흥국,흥국화재,1053636394,-2.9,89.1,-0.5,88.93333333333332,953673834,91.7,91.03333333333335
2023-04,서울보증,서울보증보험,636465341,3.1,60.9,28.1,61.96666666666667,618328661,64.9,65.8
2023-04,농협,농협손해보험,1624602677,-0.1,102.5,26.1,89.76666666666667,1044355079,99.3,91.36666666666667
2023-04,캐롯,캐롯손해보험,124089625,46.9,85.3,1.7,84.76666666666667,65438828,94,93.63333333333333
2023-05,삼성,삼성화재,10673438176,18.7,83.6,1.2,84.8,10343888081,84.6,85.7
2023-05,DB,DB손해보험,7722394672,16.1,82,0.5,82.63333333333333,7272385734,82.4,82.76666666666667
2023-05,현대,현대해상,7303172520,9.4,84.2,1.8,84.3,6834295572,85.8,85.89999999999999
2023-05,메리츠,메리츠화재,5096955593,16.8,80.8,5.3,81.33333333333333,4749356265,81.7,82.3
2023-05,KB,KB손해보험,5406793242,0,83.7,0.1,84.33333333333333,4897964091,83.6,83.83333333333333
2023-05,한화,한화손해보험,2545966729,-1.6,84.3,0.7,84.03333333333335,2415047067,85.3,85.7
2023-05,롯데,롯데손해보험,2059850059,69.6,91.5,-25.8,92.5,1969600454,91.7,92.7
2023-05,흥국,흥국화재,1312786583,-2.6,88.8,-1.3,89.23333333333333,1190049805,91.3,91.80000000000001
2023-05,서울보증,서울보증보험,811594877,6,63.1,27.1,61.96666666666667,804827713,65.4,65.2
2023-05,농협,농협손해보험,2055891136,0.8,109.1,27.8,98.33333333333333,1311516254,104.3,96.8
2023-05,캐롯,캐롯손해보험,156582796,44.1,86.5,0.3,85.53333333333335,82714989,95.2,94.23333333333333
2023-06,삼성,삼성화재,12538440159,16.1,83.2,1.2,83.83333333333333,12125006131,84.2,84.8
2023-06,DB,DB손해보험,9420135719,5.9,82.6,-0.2,82.39999999999999,8884605012,82.8,82.66666666666667
2023-06,현대,현대해상,8870518502,8.6,84.1,2.2,84.1,8287379978,86.3,85.93333333333334
2023-06,메리츠,메리츠화재,7393553409,29.8,84.2,7.2,82,6969131602,85,82.89999999999999
2023-06,KB,KB손해보험,6649233769,-3.6,84.4,-0.1,84.10000000000001,6047444719,84.3,83.89999999999999
2023-06,한화,한화손해보험,3084043985,-0.2,84.6,1.8,84.1,2913667737,85.5,85.43333333333334
2023-06,롯데,롯데손해보험,2768383437,88.3,92.4,-31.8,91.8,2627128444,92.9,92.10000000000001
2023-06,흥국,흥국화재,1583886202,-2.3,88.9,-0.8,88.93333333333332,1430605712,91.1,91.36666666666667
2023-06,서울보증,서울보증보험,987064024,6.9,65.3,29.1,63.1,972969216,67.6,65.96666666666667
2023-06,농협,농협손해보험,2474907195,1.4,93.5,12.8,101.7,1573381812,86,96.53333333333335
2023-06,캐롯,캐롯손해보험,196277611,43.2,85.9,0.3,85.90000000000002,103895987,94.2,94.46666666666665
2023-07,삼성,삼성화재,14383424865,14.7,83.1,1.2,83.3,13878496548,84,84.26666666666667
2023-07,DB,DB손해보험,10906447206,4.5,82.5,-0.2,82.36666666666666,10243086934,82.8,82.66666666666667
2023-07,현대,현대해상,10305837878,7.7,83.6,2.1,83.96666666666667,9643189600,86,86.03333333333335
2023-07,메리츠,메리츠화재,8389514951,27,83.7,7.2,82.89999999999999,7896270590,84.5,83.73333333333333
2023-07,KB,KB손해보험,8233492896,3.3,86.9,3,85.00000000000001,7519042857,87.1,84.99999999999999
2023-07,한화,한화손해보험,3612453100,0.5,85,2.4,84.63333333333333,3414034746,85.8,85.53333333333335
2023-07,롯데,롯데손해보험,3343091546,88.8,94.6,-29.4,92.83333333333333,3184826859,95,93.2
2023-07,흥국,흥국화재,1844402431,-2.3,89.2,-0.1,88.96666666666665,1666314611,90.9,91.09999999999998
2023-07,서울보증,서울보증보험,1127360309,6.7,67.1,28.5,65.16666666666667,1111033499,68.1,67.03333333333333
2023-07,농협,농협손해보험,2796976550,1.3,93.7,13,98.76666666666667,1807000933,86.4,92.23333333333335
2023-07,캐롯,캐롯손해보험,228774749,40.4,87,0.6,86.46666666666665,120794277,95.3,94.89999999999999
2023-08,삼성,삼성화재,16261799536,13.6,83.2,0.6,83.16666666666667,15719314072,84.2,84.13333333333333
2023-08,DB,DB손해보험,12347446835,3.4,85.6,2.8,83.56666666666666,11577406829,83.3,82.96666666666665
2023-08,현대,현대해상,11673504131,7.4,83.8,1.6,83.83333333333333,10951994845,86.2,86.16666666666667
2023-08,메리츠,메리츠화재,9363495108,22.2,83.6,6.5,83.83333333333333,8809400087,84.4,84.63333333333334
2023-08,KB,KB손해보험,8833759981,-1.9,84.6,0.6,85.3,8039774145,84.6,85.33333333333333
2023-08,한화,한화손해보험,4128614176,1,85.1,1.8,84.89999999999999,3905786991,86.2,85.83333333333333
2023-08,롯데,롯데손해보험,2166478900,-2.3,91.5,-21,92.83333333333333,1987759350,92.1,93.33333333333333
2023-08,흥국,흥국화재,2103135292,-2.1,89.6,-0.1,89.23333333333335,1902858030,91.1,91.03333333333335
2023-08,서울보증,서울보증보험,1279677170,7.8,66.3,28.8,66.23333333333333,1287369674,67.5,67.73333333333333
2023-08,농협,농협손해보험,3095313742,2.2,95.1,12.9,94.09999999999998,2047110178,86.8,86.39999999999999
2023-08,캐롯,캐롯손해보험,263593926,39.4,87.5,-0.2,86.8,140264443,95.7,95.06666666666666
2023-09,삼성,삼성화재,18396754807,14,83.3,-0.2,83.2,17759979862,84.4,84.2
2023-09,DB,DB손해보험,13744846226,3.5,85.6,1.6,84.56666666666666,12893552692,83,83.03333333333333
2023-09,현대,현대해상,13041169602,6.6,83.2,0,83.53333333333332,12247595888,86,86.06666666666666
2023-09,메리츠,메리츠화재,10302795210,19.4,82.9,5.1,83.4,9729336638,84,84.3
2023-09,KB,KB손해보험,9931440252,-1.1,84.9,-0.9,85.46666666666665,9034813724,84.3,85.33333333333333
2023-09,한화,한화손해보험,4646092191,1.4,84.7,0.6,84.93333333333334,4400594291,85.8,85.93333333333334
2023-09,롯데,롯데손해보험,2442361830,-2.6,91.4,-17.9,92.5,2244116821,91.9,93
2023-09,흥국,흥국화재,2363128582,-2,89.2,-0.1,89.33333333333333,2139900401,90.6,90.86666666666667
2023-09,서울보증,서울보증보험,1420483158,6.6,67.2,27.1,66.86666666666666,1426600275,68.5,68.03333333333333
2023-09,농협,농협손해보험,3346648068,1.7,92.8,7.2,93.86666666666667,2254885305,85.7,86.3
2023-09,캐롯,캐롯손해보험,299533930,37.1,88.5,-0.2,87.66666666666667,160517447,96.5,95.83333333333333
2023-10,삼성,삼성화재,20504624543,14.6,83.3,-0.6,83.26666666666667,19724915217,84.4,84.33333333333334
2023-10,DB,DB손해보험,15201833242,3.6,85.5,1.8,85.56666666666666,14250043402,83,83.10000000000001
2023-10,현대,현대해상,14496647767,6.7,83.1,-0.8,83.36666666666666,13609902577,86,86.06666666666666
2023-10,메리츠,메리츠화재,11308891982,17.6,82.5,5,83,10659461463,83.6,84
2023-10,KB,KB손해보험,11052519699,-0.1,84.5,-0.4,84.66666666666667,10047394338,84.1,84.33333333333333
2023-10,한화,한화손해보험,5176130618,1.8,84.3,0.5,84.7,4891873866,85.6,85.86666666666667
2023-10,롯데,롯데손해보험,2722160281,-5.3,91.1,-16.2,91.33333333333333,2495487221,91.8,91.93333333333334
2023-10,흥국,흥국화재,2623069752,-1.9,88.8,-0.3,89.2,2376781753,90.2,90.63333333333333
2023-10,서울보증,서울보증보험,1557824289,6.4,68.1,26.9,67.2,1564779985,69.3,68.43333333333334
2023-10,농협,농협손해보험,3616654593,0.9,94.3,10.4,94.06666666666666,2465449476,86.1,86.2
2023-10,캐롯,캐롯손해보험,334628979,36.2,88.7,-0.4,88.23333333333333,180197439,96.6,96.26666666666665
2023-11,삼성,삼성화재,22554904040,14.4,83.9,0,83.5,21719132342,84.8,84.53333333333335
2023-11,DB,DB손해보험,17151973018,4.2,86.1,2,85.73333333333333,16123345252,84.1,83.36666666666666
2023-11,현대,현대해상,15984545996,6.7,83.3,-0.9,83.2,14999805243,86.3,86.10000000000001
2023-11,메리츠,메리츠화재,12753173655,11.9,83,3.9,82.8,12038468019,84.1,83.89999999999999
2023-11,KB,KB손해보험,12138661559,0.4,84.3,0,84.56666666666666,11048889201,84.3,84.23333333333333
2023-11,한화,한화손해보험,5701962536,2.1,84.2,0.3,84.39999999999999,5394025845,85.7,85.69999999999999
2023-11,롯데,롯데손해보험,3004234958,-8.4,91,-19,91.16666666666667,2757879696,91.8,91.83333333333333
2023-11,흥국,흥국화재,2883379450,-1.7,89.1,0.1,89.03333333333335,2613640371,90.5,90.43333333333334
2023-11,서울보증,서울보증보험,1711852803,6.6,68.8,28,68.03333333333335,1729854368,69.7,69.16666666666667
2023-11,농협,농협손해보험,4001210694,1.4,92.6,14.1,93.23333333333333,2709018326,86,85.93333333333334
2023-11,캐롯,캐롯손해보험,369397144,35,90.3,1.2,89.16666666666667,199768471,98.5,97.2
2023-12,삼성,삼성화재,26616654756,10.6,85.9,-0.4,84.36666666666666,25663593633,86.8,85.33333333333333
2023-12,DB,DB손해보험,20583310500,8.3,87.3,2.3,86.3,19455774777,85.6,84.23333333333333
2023-12,현대,현대해상,18153841772,1.5,83.9,-1.6,83.43333333333332,17081958300,86.9,86.40000000000002
2023-12,메리츠,메리츠화재,15963828548,-9.6,85.3,-0.1,83.60000000000001,15168748175,86.4,84.7
2023-12,KB,KB손해보험,14915421778,-5.8,86.1,-0.7,84.96666666666667,13738306218,86.8,85.06666666666666
2023-12,한화,한화손해보험,6237746129,2.5,84.8,1,84.43333333333334,5905665018,86.1,85.8
2023-12,롯데,롯데손해보험,3302511038,-30.6,91,-77.8,91.03333333333335,3026628661,91.9,91.83333333333333
2023-12,흥국,흥국화재,3148825989,-1.6,89.6,0.4,89.16666666666667,2855175093,90.9,90.53333333333335
2023-12,서울보증,서울보증보험,1897522163,5.8,66.1,23.6,67.66666666666666,1901355978,67.5,68.83333333333333
2023-12,농협,농협손해보험,4239086474,1.1,90.4,12.2,92.43333333333332,2903459532,86.4,86.16666666666667
2023-12,캐롯,캐롯손해보험,405103402,33.7,90.7,0.8,89.89999999999999,220982511,98.8,97.96666666666665
2024-01,삼성,삼성화재,2610069245,-29.3,89.5,-1.1,86.43333333333334,2521148708,90.5,87.36666666666667
2024-01,DB,DB손해보험,1555708568,10.5,84.2,3.6,85.86666666666666,1444845468,84.5,84.73333333333333
2024-01,현대,현대해상,1514153520,9,88.9,5.8,85.36666666666667,1421006428,91.5,88.23333333333333
2024-01,메리츠,메리츠화재,1116660533,7.5,103.7,21.7,90.66666666666667,1044103936,104.9,91.8
2024-01,KB,KB손해보험,1338757455,14.3,86,9.5,85.46666666666665,1191111551,86.2,85.76666666666667
2024-01,한화,한화손해보험,545519992,9.3,88.9,4.7,85.96666666666665,515985078,91.4,87.73333333333335
2024-01,롯데,롯데손해보험,296980749,-60.5,93.8,-6,91.93333333333334,272458527,92.9,92.2
2024-01,흥국,흥국화재,263085974,-0.5,92.2,3.1,90.3,237290568,93.4,91.60000000000001
2024-01,서울보증,서울보증보험,191711176,21.9,84.7,30.6,73.19999999999999,194110134,89.1,75.43333333333332
2024-01,농협,농협손해보험,408916538,17.1,93.1,11.6,92.03333333333335,298941621,94.9,89.10000000000001
2024-01,캐롯,캐롯손해보험,35643302,26.3,95.8,6.7,92.26666666666667,21437270,102.5,99.93333333333334
2024-02,삼성,삼성화재,4878353332,-9.1,87.3,-0.2,87.56666666666666,4730892006,88.8,88.7
2024-02,DB,DB손해보험,3169917443,10.3,81.2,-0.9,84.23333333333333,2980221199,83.6,84.56666666666666
2024-02,현대,현대해상,2940344324,-3.3,85.2,1.3,86,2771444731,88.5,88.96666666666665
2024-02,메리츠,메리츠화재,2214289171,11.5,91.7,10.8,93.56666666666666,2080360683,93.1,94.8
2024-02,KB,KB손해보험,2508327479,14.7,83.8,3.7,85.3,2275187297,84.6,85.86666666666667
2024-02,한화,한화손해보험,1092284783,9.2,84.1,-0.1,85.93333333333332,1034998890,87.1,88.2
2024-02,롯데,롯데손해보험,891696496,-19.1,108.6,9.2,97.8,846017859,110,98.26666666666667
2024-02,흥국,흥국화재,524640205,0.2,90.5,2.6,90.76666666666667,478042984,91.7,92
2024-02,서울보증,서울보증보험,371048898,20.9,80.7,17.5,77.16666666666667,352040890,81.7,79.43333333333334
2024-02,농협,농협손해보험,1029593061,14.1,88.5,5.1,90.66666666666667,596183635,90.8,90.7
2024-02,캐롯,캐롯손해보험,71550239,24.9,89.4,5.2,91.96666666666665,44092632,96.5,99.26666666666667
2024-03,삼성,삼성화재,7102665352,-1.4,83.2,-2.8,86.66666666666667,6866696539,84.6,87.96666666666665
2024-03,DB,DB손해보험,4844753916,4.9,80.5,-2.8,81.96666666666667,4579745761,82.7,83.60000000000001
2024-03,현대,현대해상,4468551751,-1.2,82.9,-1.7,85.66666666666667,4219591841,86.2,88.73333333333333
2024-03,메리츠,메리츠화재,3399080602,8.7,87,4.8,94.13333333333333,3193181742,89,95.66666666666667
2024-03,KB,KB손해보험,3769791826,14.8,83.4,-1.7,84.4,3445150125,84,84.93333333333334
2024-03,한화,한화손해보험,1645182266,8.3,85.3,0.8,86.10000000000001,1568780943,87.9,88.8
2024-03,롯데,롯데손해보험,1492819734,-11.2,98.8,4.3,100.39999999999999,1430466091,98.8,100.56666666666666
2024-03,흥국,흥국화재,791924246,0.1,88.9,-0.9,90.53333333333335,720773653,90.7,91.93333333333334
2024-03,서울보증,서울보증보험,538407754,12.9,81.1,19.2,82.16666666666667,510120217,81.6,84.13333333333334
2024-03,농협,농협손해보험,1360694562,5.6,76.4,-6.9,86,848299044,87.5,91.06666666666666
2024-03,캐롯,캐롯손해보험,111382107,24,88.5,3.7,91.23333333333333,70084756,94.5,97.83333333333333
2024-04,삼성,삼성화재,9271752489,3.9,83.2,-1.5,84.56666666666666,8959808436,84.7,86.03333333333332
2024-04,DB,DB손해보험,6335126968,3.5,79.8,-2.8,80.5,5963169659,81.9,82.73333333333333
2024-04,현대,현대해상,5932109013,0.4,82.8,-1.2,83.63333333333334,5576715581,85.8,86.83333333333333
2024-04,메리츠,메리츠화재,4409406639,8,84.9,3.9,87.86666666666667,4124049515,86.8,89.63333333333333
2024-04,KB,KB손해보험,4924005725,14.2,82.7,-1.6,83.3,4510213632,83.4,84
2024-04,한화,한화손해보험,2209479024,8.5,84.2,0.8,84.53333333333332,2094858972,86.5,87.16666666666667
2024-04,롯데,롯데손해보험,1907728408,-7.4,95.6,4.1,101,1821509986,95.6,101.46666666666665
2024-04,흥국,흥국화재,1054034769,0,88.4,-0.7,89.26666666666667,960285136,90.2,90.86666666666667
2024-04,서울보증,서울보증보험,710741271,11.7,82.1,21.2,81.3,682955897,82,81.76666666666667
2024-04,농협,농협손해보험,1731892003,6.6,80.7,-21.8,81.86666666666667,1102663988,87.7,88.66666666666667
2024-04,캐롯,캐롯손해보험,156616436,26.2,88.9,3.6,88.93333333333334,100481685,94.8,95.26666666666667
2024-05,삼성,삼성화재,11372125208,6.5,83.1,-0.6,83.16666666666667,11015272588,84.7,84.66666666666667
2024-05,DB,DB손해보험,7890916951,2.2,79.5,-2.5,79.93333333333334,7418924122,81.5,82.03333333333335
2024-05,현대,현대해상,7387190911,1.2,82.7,-1.5,82.8,6933668272,85.7,85.89999999999999
2024-05,메리츠,메리츠화재,5462739448,7.2,83.8,3,85.23333333333333,5105368331,85.6,87.13333333333333
2024-05,KB,KB손해보험,6115130903,13.1,81.9,-1.8,82.66666666666667,5587657738,82.8,83.39999999999999
2024-05,한화,한화손해보험,2764371720,8.6,83.9,-0.4,84.46666666666667,2616204011,86.2,86.86666666666667
2024-05,롯데,롯데손해보험,2369446573,15,89.1,-2.4,94.5,2262556322,88.2,94.19999999999999
2024-05,흥국,흥국화재,1315712014,0.2,88,-0.8,88.43333333333334,1200659635,89.8,90.23333333333333
2024-05,서울보증,서울보증보험,867937483,6.9,81.8,18.7,81.66666666666667,848550635,80.5,81.36666666666666
2024-05,농협,농협손해보험,2176470918,5.9,86,-23.1,81.03333333333335,1368702205,88,87.73333333333333
2024-05,캐롯,캐롯손해보험,198289204,26.6,88.8,2.3,88.73333333333333,129234150,95,94.76666666666667
2024-06,삼성,삼성화재,13548904759,8.1,83.3,0.1,83.2,13082744003,84.7,84.7
2024-06,DB,DB손해보험,9568869350,1.6,79.4,-3.3,79.56666666666668,8985376941,81.3,81.56666666666666
2024-06,현대,현대해상,9036509476,1.9,82.1,-2,82.53333333333333,8455243908,85.1,85.53333333333335
2024-06,메리츠,메리츠화재,7109035400,-3.8,84,-0.1,84.23333333333333,6670244154,85.8,86.06666666666666
2024-06,KB,KB손해보험,7480384432,12.5,82.1,-2.3,82.23333333333333,6858755877,83,83.06666666666666
2024-06,한화,한화손해보험,3341200913,8.3,82.9,-1.7,83.66666666666667,3153765751,85.2,85.96666666666665
2024-06,롯데,롯데손해보험,2930564232,5.9,86.4,-6,90.36666666666667,2800454982,85.7,89.83333333333333
2024-06,흥국,흥국화재,1590129823,0.4,87.3,-1.6,87.89999999999999,1444070041,89,89.66666666666667
2024-06,서울보증,서울보증보험,1018822221,3.2,79.1,13.8,80.99999999999999,996374439,78,80.16666666666667
2024-06,농협,농협손해보험,2587833895,4.6,81.3,-12.3,82.66666666666667,1624325468,84.6,86.76666666666665
2024-06,캐롯,캐롯손해보험,242308641,23.5,88.7,2.8,88.8,159341982,94.7,94.83333333333333
2024-07,삼성,삼성화재,15649913561,8.8,83.7,0.6,83.36666666666666,15076530197,84.8,84.73333333333333
2024-07,DB,DB손해보험,11125572167,2,79.9,-2.7,79.60000000000001,10379377655,81.9,81.56666666666668
2024-07,현대,현대해상,10493476228,1.8,82.5,-1.1,82.43333333333334,9821619004,85.4,85.40000000000002
2024-07,메리츠,메리츠화재,8233261137,-1.9,83.9,0.1,83.9,7718300673,85.6,85.66666666666667
2024-07,KB,KB손해보험,8669968402,5.3,82.3,-4.6,82.10000000000001,7937029827,83.2,83
2024-07,한화,한화손해보험,3912789098,8.3,83.5,-1.5,83.43333333333334,3698643094,85.7,85.7
2024-07,롯데,롯데손해보험,3419288870,2.3,87.7,-6.9,87.73333333333333,3275117941,87.1,87
2024-07,흥국,흥국화재,1856298944,0.6,87.9,-1.3,87.73333333333335,1685922099,89.7,89.5
2024-07,서울보증,서울보증보험,1176327925,4.3,81.1,14,80.66666666666666,1161076786,79.3,79.26666666666667
2024-07,농협,농협손해보험,2918469604,4.3,82.3,-11.3,83.2,1861718107,85.1,85.89999999999999
2024-07,캐롯,캐롯손해보험,287003626,25.5,88.6,1.6,88.7,190071389,94.6,94.76666666666665
2024-08,삼성,삼성화재,17557828870,8,83.6,0.4,83.53333333333333,16930868432,84.8,84.76666666666667
2024-08,DB,DB손해보험,12618662342,2.2,79.7,-5.9,79.66666666666667,11801047408,81.7,81.63333333333333
2024-08,현대,현대해상,11936105844,2.2,82.5,-1.3,82.36666666666666,11194927187,85.5,85.33333333333333
2024-08,메리츠,메리츠화재,9301323138,-0.7,83.5,-0.1,83.8,8723906424,85.2,85.53333333333332
2024-08,KB,KB손해보험,9779499826,10.7,82.6,-2,82.33333333333333,8948743547,83.4,83.2
2024-08,한화,한화손해보험,4469753944,8.3,83.3,-1.8,83.23333333333333,4223843633,85.5,85.46666666666665
2024-08,롯데,롯데손해보험,3800186719,75.4,90.7,-0.9,88.26666666666667,3634438227,90.4,87.73333333333335
2024-08,흥국,흥국화재,2119545224,0.8,87.9,-1.7,87.7,1927898918,89.8,89.5
2024-08,서울보증,서울보증보험,1318504730,3,82.7,16.4,80.96666666666665,1313051437,80.4,79.23333333333333
2024-08,농협,농협손해보험,3198604354,3.3,83.9,-11.3,82.5,2086820448,85.4,85.03333333333333
2024-08,캐롯,캐롯손해보험,334115339,26.8,89.4,1.9,88.90000000000002,222409089,95.5,94.93333333333334
2024-09,삼성,삼성화재,19586672778,6.5,83.3,0,83.53333333333335,18810786035,84.7,84.76666666666667
2024-09,DB,DB손해보험,14110190738,2.7,79.4,-6.3,79.66666666666667,13216564905,81.4,81.66666666666667
2024-09,현대,현대해상,13372046243,2.5,82,-1.2,82.33333333333333,12546979237,85.2,85.36666666666667
2024-09,메리츠,메리츠화재,10334907620,0.3,82.7,-0.3,83.36666666666667,9690395726,84.4,85.06666666666668
2024-09,KB,KB손해보험,10890009771,9.7,81.9,-3,82.26666666666667,9966982105,82.9,83.16666666666667
2024-09,한화,한화손해보험,5018761558,8,82.5,-2.1,83.10000000000001,4747972118,84.7,85.3
2024-09,롯데,롯데손해보험,4162508320,70.4,91.6,0.2,90,3976083034,91.5,89.66666666666667
2024-09,흥국,흥국화재,2384290706,0.9,87.2,-2,87.66666666666667,2170575996,89.1,89.53333333333335
2024-09,서울보증,서울보증보험,1445896822,1.8,79.9,12.6,81.23333333333333,1434108024,77.7,79.13333333333333
2024-09,농협,농협손해보험,3460791496,3.4,90.8,-2,85.66666666666667,2293748157,86.9,85.8
2024-09,캐롯,캐롯손해보험,380158626,26.9,89.9,1.5,89.3,254384889,96.1,95.39999999999999
2024-10,삼성,삼성화재,21495124625,4.8,83,-0.3,83.3,20651900080,84.7,84.73333333333333
2024-10,DB,DB손해보험,15608864811,2.7,79.4,-6.2,79.50000000000001,14602931797,81.3,81.46666666666668
2024-10,현대,현대해상,14840936444,2.4,82.3,-0.8,82.26666666666667,13913837562,85.5,85.39999999999999
2024-10,메리츠,메리츠화재,11311077159,0,82.2,-0.2,82.8,10591726001,84,84.53333333333335
2024-10,KB,KB손해보험,12048048390,9,81.7,-2.8,82.06666666666666,11011119913,82.9,83.06666666666668
2024-10,한화,한화손해보험,5587396145,7.9,82.6,-1.7,82.8,5278725078,84.9,85.03333333333333
2024-10,롯데,롯데손해보험,4558907735,67.5,93.5,2.3,91.93333333333334,4345948961,93.7,91.86666666666667
2024-10,흥국,흥국화재,2651403668,1.1,87.4,-1.4,87.5,2416232736,89,89.3
2024-10,서울보증,서울보증보험,1590789331,2.1,79.5,11.4,80.7,1575511094,77.9,78.66666666666667
2024-10,농협,농협손해보험,3737836104,3.4,91.1,-3.2,88.59999999999998,2509322898,87,86.43333333333334
2024-10,캐롯,캐롯손해보험,428616161,28.1,89.3,0.6,89.53333333333335,288462121,95.4,95.66666666666667
2024-11,삼성,삼성화재,23425729652,3.9,83.3,-0.7,83.2,22477347663,84.8,84.73333333333333
2024-11,DB,DB손해보험,17214117015,0.4,79.6,-6.5,79.46666666666667,16124104891,81.6,81.43333333333332
2024-11,현대,현대해상,16272469569,1.8,82.6,-0.6,82.3,15256764022,85.8,85.5
2024-11,메리츠,메리츠화재,12721464224,-0.2,82.8,-0.2,82.56666666666666,11932144139,84.3,84.23333333333333
2024-11,KB,KB손해보험,13283454797,9.4,82,-2.3,81.86666666666667,12153639838,83.2,83
2024-11,한화,한화손해보험,6148979069,7.8,82.7,-1.5,82.60000000000001,5813976004,85,84.86666666666667
2024-11,롯데,롯데손해보험,5083812638,69.2,45.9,-45.1,77,4853198993,96.4,93.86666666666667
2024-11,흥국,흥국화재,2919699923,1.3,87.4,-1.6,87.33333333333333,2664221731,89.1,89.06666666666666
2024-11,서울보증,서울보증보험,1733363742,1.3,81.1,12.3,80.16666666666667,1729667891,79.3,78.30000000000001
2024-11,농협,농협손해보험,4175262480,4.3,90.6,-2.1,90.83333333333333,2760515541,87.3,87.06666666666666
2024-11,캐롯,캐롯손해보험,471782045,27.7,89.9,-0.4,89.7,320218546,95.7,95.73333333333333
2024-12,삼성,삼성화재,27430296794,3.1,85.5,-0.4,83.93333333333334,26361255108,86.9,85.46666666666665
2024-12,DB,DB손해보험,21164810974,2.8,82.2,-5.1,80.39999999999999,19978126446,84.2,82.36666666666666
2024-12,현대,현대해상,18396097316,1.3,84,0.1,82.96666666666665,17308142963,87,86.10000000000001
2024-12,메리츠,메리츠화재,15290259844,-4.2,84.6,-0.7,83.2,14421138355,86,84.76666666666667
2024-12,KB,KB손해보험,16543091541,10.9,84.7,-1.4,82.8,15330613516,85.7,83.93333333333334
2024-12,한화,한화손해보험,6721914044,7.8,83.3,-1.5,82.86666666666667,6357255543,85.7,85.2
2024-12,롯데,롯데손해보험,6571839129,99,92.6,1.6,77.33333333333333,6315860114,92.9,94.33333333333333
2024-12,흥국,흥국화재,3194184788,1.4,87.8,-1.8,87.53333333333335,2902119999,89.7,89.26666666666667
2024-12,서울보증,서울보증보험,1923017390,1.3,79.9,13.8,80.16666666666667,1905572616,79.1,78.76666666666667
2024-12,농협,농협손해보험,4393555385,3.6,93.7,3.3,91.8,2950398470,89.3,87.86666666666667
2024-12,캐롯,캐롯손해보험,515252799,27.2,89.8,-1,89.66666666666667,352830913,95.5,95.53333333333335
2025-01,삼성,삼성화재,3091916206,18.5,89.9,0.4,86.23333333333335,3014242595,90.8,87.5
2025-01,DB,DB손해보험,2221405770,42.8,89.8,5.6,83.86666666666667,2104403496,89.9,85.23333333333333
2025-01,현대,현대해상,1570821188,3.7,83.8,-5.1,83.46666666666665,1470209313,85.8,86.2
2025-01,메리츠,메리츠화재,1195689261,7.1,82.6,-21.1,83.33333333333333,1121299168,84,84.76666666666667
2025-01,KB,KB손해보험,1298577338,-3,82.1,-3.9,82.93333333333332,1176851564,82.3,83.73333333333333
2025-01,한화,한화손해보험,573036369,5,83.9,-5,83.3,547260474,85.8,85.5
2025-01,롯데,롯데손해보험,456976658,53.9,101.6,7.7,80.03333333333333,422457630,103.8,97.7
2025-01,흥국,흥국화재,273924244,4.1,84.4,-7.9,86.53333333333335,245726253,87.9,88.90000000000002
2025-01,서울보증,서울보증보험,174451382,-9,74.5,-10.2,78.5,165214644,71.2,76.53333333333332
2025-01,농협,농협손해보험,380530771,-6.9,80.8,-12.3,88.36666666666667,274396038,89.7,88.76666666666667
2025-01,캐롯,캐롯손해보험,43450906,21.9,91.1,-4.7,90.26666666666665,33715418,93.7,94.96666666666665
2025-02,삼성,삼성화재,5159178449,5.8,92.9,5.6,89.43333333333334,5022064020,89.6,89.09999999999998
2025-02,DB,DB손해보험,3775652318,19.1,86.4,5.2,86.13333333333333,3575463897,87,87.03333333333335
2025-02,현대,현대해상,3018281469,2.7,84.1,-1.1,83.96666666666667,2831746811,87.2,86.66666666666667
2025-02,메리츠,메리츠화재,2267705687,2.4,78.2,-13.5,81.8,2029717114,83,84.33333333333333
2025-02,KB,KB손해보험,2467658179,-1.6,83,-0.8,83.26666666666667,2252287517,83.1,83.7
2025-02,한화,한화손해보험,1165049347,6.7,83.6,-0.5,83.6,1109143789,85.5,85.66666666666667
2025-02,롯데,롯데손해보험,855281781,-4.1,110.7,2.1,101.63333333333333,788297630,114.7,103.8
2025-02,흥국,흥국화재,552333323,5.3,86.3,-4.2,86.16666666666667,500263634,88.5,88.7
2025-02,서울보증,서울보증보험,340843491,-8.1,75.2,-5.4,76.53333333333335,336772048,72.8,74.36666666666667
2025-02,농협,농협손해보험,1097348206,6.6,81.3,-7.2,85.26666666666667,658336695,86.2,88.39999999999999
2025-02,캐롯,캐롯손해보험,87004740,21.6,90.8,1.4,90.56666666666666,68011805,94,94.39999999999999
2025-03,삼성,삼성화재,7447142740,4.8,90.7,7.4,91.16666666666667,7211089938,89,89.8
2025-03,DB,DB손해보험,5463546868,12.8,84.7,4.2,86.96666666666665,5180047746,84.7,87.2
2025-03,현대,현대해상,4564869345,2.2,82.2,-0.8,83.36666666666666,4277762231,85.3,86.10000000000001
2025-03,메리츠,메리츠화재,3367883627,-0.9,79.7,-7.3,80.16666666666667,3052231535,82.9,83.3
2025-03,KB,KB손해보험,3706089584,-1.7,85.3,2,83.46666666666665,3376720067,82.8,82.73333333333333
2025-03,한화,한화손해보험,1760197810,7,80,-5.3,82.5,1621307540,84.1,85.13333333333334
2025-03,롯데,롯데손해보험,1225497057,-17.9,121.7,22.9,111.33333333333333,1154909004,123.9,114.13333333333333
2025-03,흥국,흥국화재,836400170,5.6,87,-1.8,85.89999999999999,757432177,88.8,88.39999999999999
2025-03,서울보증,서울보증보험,501484558,-6.9,76,-5.1,75.23333333333333,486093960,76.9,73.63333333333334
2025-03,농협,농협손해보험,1438019021,5.7,96.9,20.4,86.33333333333333,910037017,91.7,89.2
2025-03,캐롯,캐롯손해보험,132443570,18.9,87.4,-1.1,89.76666666666665,103628160,90.4,92.7
2025-04,삼성,삼성화재,9662400191,4.2,89.7,6.5,91.10000000000001,9336692607,88.8,89.13333333333333
2025-04,DB,DB손해보험,7016958450,10.8,84.6,4.9,85.23333333333333,6628788163,84.9,85.53333333333335
2025-04,현대,현대해상,6056133996,2.1,83.7,0.9,83.33333333333333,5657085931,86.4,86.3
2025-04,메리츠,메리츠화재,4371074691,-0.9,80.1,-4.8,79.33333333333333,3981312210,82.7,82.86666666666667
2025-04,KB,KB손해보험,5142039147,4.4,86.1,3.4,84.8,4726769064,84.2,83.36666666666666
2025-04,한화,한화손해보험,2369332193,7.2,83.8,-0.4,82.46666666666665,2196145180,85.1,84.89999999999999
2025-04,롯데,롯데손해보험,1615633152,-15.3,124.1,28.6,118.83333333333333,1515444247,126.5,121.7
2025-04,흥국,흥국화재,1117375235,6,88.4,0,87.23333333333335,1013555812,89.9,89.06666666666668
2025-04,서울보증,서울보증보험,695442224,-2.2,78.4,-3.7,76.53333333333333,680811262,77.5,75.73333333333333
2025-04,농협,농협손해보험,1827722909,5.5,122.3,41.6,100.16666666666667,1172309343,92,89.96666666666665
2025-04,캐롯,캐롯손해보험,180717049,15.4,88.2,-0.7,88.8,141303982,91.4,91.93333333333334
2025-05,삼성,삼성화재,11737922538,3.2,88.8,5.7,89.73333333333333,11371755879,87.8,88.53333333333335
2025-05,DB,DB손해보험,8587501005,8.8,85.9,6.4,85.06666666666668,8075644517,84.1,84.56666666666668
2025-05,현대,현대해상,7520307924,1.8,84.9,2.2,83.60000000000001,6992195287,86.1,85.93333333333332
2025-05,메리츠,메리츠화재,5430037108,-0.6,80.2,-3.6,80,4969367555,82.2,82.60000000000001
2025-05,KB,KB손해보험,6736242252,10.2,85.7,3.8,85.69999999999999,6201445214,84.5,83.83333333333333
2025-05,한화,한화손해보험,2969223560,7.4,85.1,1.2,82.96666666666667,2755435727,85.1,84.76666666666667
2025-05,롯데,롯데손해보험,1919065314,-19,128.1,39,124.63333333333333,1796190449,130.6,127
2025-05,흥국,흥국화재,1396396817,6.1,88,0,87.8,1268190164,89.5,89.39999999999999
2025-05,서울보증,서울보증보험,847576470,-2.3,76.4,-5.4,76.93333333333334,856637145,74.7,76.36666666666667
2025-05,농협,농협손해보험,2277587265,4.6,120.4,34.4,113.2,1444323092,89.6,91.09999999999998
2025-05,캐롯,캐롯손해보험,224649742,13.3,87.1,-1.7,87.56666666666668,177560918,90.7,90.83333333333333
2025-06,삼성,삼성화재,14140222543,4.4,88.3,5.1,88.93333333333334,13664654495,87.7,88.10000000000001
2025-06,DB,DB손해보험,11393160749,19.1,86.7,7.3,85.73333333333333,10764915908,85.7,84.89999999999999
2025-06,현대,현대해상,9308712237,3,84.2,2.1,84.26666666666667,8634022527,85.7,86.06666666666666
2025-06,메리츠,메리츠화재,6936680387,-2.4,81.3,-2.7,80.53333333333335,6402792770,83,82.63333333333334
2025-06,KB,KB손해보험,8486829918,13.5,86.6,4.5,86.13333333333333,7882975323,85,84.56666666666666
2025-06,한화,한화손해보험,3590789408,7.5,84.2,1.3,84.36666666666666,3330269472,84.7,84.96666666666665
2025-06,롯데,롯데손해보험,2312346349,-21.1,58.1,-28.2,103.43333333333334,2166617549,132.7,129.93333333333334
2025-06,흥국,흥국화재,1687043644,6.1,87.6,0.3,88,1527524262,89.1,89.5
2025-06,서울보증,서울보증보험,1010433771,-0.8,74.5,-4.6,76.43333333333334,1007689965,73.2,75.13333333333333
2025-06,농협,농협손해보험,2721070920,5.1,114,32.7,118.89999999999999,1718270801,89.8,90.46666666666665
2025-06,캐롯,캐롯손해보험,269613322,11.3,86.1,-2.6,87.13333333333333,215635581,89.8,90.63333333333334
2025-07,삼성,삼성화재,16291963175,4.1,88.5,4.8,88.53333333333335,15675790636,88,87.83333333333333
2025-07,DB,DB손해보험,13187972107,18.5,86.6,6.7,86.40000000000002,12438220041,86,85.26666666666667
2025-07,현대,현대해상,10794173023,2.9,84.6,2.1,84.56666666666668,10023016386,86.5,86.10000000000001
2025-07,메리츠,메리츠화재,7998939472,-2.8,74,-9.9,78.5,6775348078,81.8,82.33333333333333
2025-07,KB,KB손해보험,9705185221,11.9,86.7,4.4,86.33333333333333,8990794164,85.3,84.93333333333334
2025-07,한화,한화손해보험,4202561982,7.4,84.9,1.5,84.73333333333333,3913921461,85.6,85.13333333333334
2025-07,롯데,롯데손해보험,2839681831,-17,124.5,36.8,103.56666666666666,2671641240,126.7,129.99999999999997
2025-07,흥국,흥국화재,1976035818,6.5,88.4,0.5,88,1789388658,89.8,89.46666666666665
2025-07,서울보증,서울보증보험,1156589353,-1.7,71.1,-10,74,1162422300,70.2,72.7
2025-07,농협,농협손해보험,3104634207,6.4,101.9,19.6,112.10000000000001,1976817010,90,89.8
2025-07,캐롯,캐롯손해보험,313914547,9.4,86.7,-1.9,86.63333333333333,253214209,90.5,90.33333333333333
2025-08,삼성,삼성화재,18191535166,3.6,88,4.4,88.26666666666667,17556103570,87.6,87.76666666666665
2025-08,DB,DB손해보험,14705899717,16.5,85.9,6.2,86.40000000000002,13870405339,85.5,85.73333333333333
2025-08,현대,현대해상,12221027079,2.4,84.2,1.7,84.33333333333333,11379067839,86.4,86.2
2025-08,메리츠,메리츠화재,9061928116,-2.6,75.1,-8.4,76.8,7769724562,82,82.26666666666667
2025-08,KB,KB손해보험,10951461798,12,86.3,3.7,86.53333333333335,10154026993,85.2,85.16666666666667
2025-08,한화,한화손해보험,4801400647,7.4,84.7,1.4,84.60000000000001,4475156374,85.6,85.3
2025-08,롯데,롯데손해보험,3165146484,-16.7,123.7,33,102.10000000000001,2974287490,126,128.46666666666667
2025-08,흥국,흥국화재,2264472731,6.8,88.3,0.4,88.10000000000001,2053155633,89.8,89.56666666666666
2025-08,서울보증,서울보증보험,1302901933,-1.2,71.5,-11.2,72.36666666666666,1324990885,70.6,71.33333333333333
2025-08,농협,농협손해보험,3470414595,8.5,93.9,10,103.26666666666667,2274150616,88.6,89.46666666666665
2025-08,캐롯,캐롯손해보험,360259880,7.8,87,-2.4,86.60000000000001,292582422,90.8,90.36666666666667
2025-09,삼성,삼성화재,20274791018,3.5,87.9,4.6,88.13333333333333,19477638677,87.8,87.8
2025-09,DB,DB손해보험,16245684374,15.1,86.4,7,86.3,15324313968,86,85.83333333333333
2025-09,현대,현대해상,13709073613,2.5,84.7,2.6,84.5,12467663837,86.6,86.5
2025-09,메리츠,메리츠화재,10118011234,-2.1,76.1,-6.6,75.06666666666666,8754249621,82.3,82.03333333333335
2025-09,KB,KB손해보험,12748887441,17.1,87.2,5.3,86.73333333333333,11888153490,86.1,85.53333333333335
2025-09,한화,한화손해보험,5401920336,7.6,85.1,2.5,84.9,5047378980,86.1,85.76666666666665
2025-09,롯데,롯데손해보험,3645039033,-12.4,118.6,27,122.26666666666665,3432196850,120.5,124.39999999999999
2025-09,흥국,흥국화재,2557580643,7.3,88.8,1.6,88.5,2320787467,90.2,89.93333333333334
2025-09,서울보증,서울보증보험,1460709393,1,72.5,-7.4,71.7,1469190536,72,70.93333333333334
2025-09,농협,농협손해보험,3817396184,10.3,95.6,4.8,97.13333333333333,2557333834,89.3,89.3
2025-09,캐롯,캐롯손해보험,406181752,6.8,87.7,-2.2,87.13333333333333,332285471,91.7,91
2025-10,삼성,삼성화재,22229528587,3.4,87.5,4.5,87.8,21353212249,87.5,87.63333333333333
2025-10,DB,DB손해보험,17811229748,14.1,85.5,6.1,85.93333333333334,16775508466,85.3,85.60000000000001
2025-10,현대,현대해상,15189467002,2.3,84.3,2,84.39999999999999,13850363329,86.4,86.46666666666665
2025-10,메리츠,메리츠화재,11197186598,-1,76.1,-6.1,75.76666666666667,9754174323,82,82.10000000000001
2025-10,KB,KB손해보험,14141027405,17.4,86.9,5.2,86.8,13160744595,86.1,85.8
2025-10,한화,한화손해보험,6058038509,8.4,84.6,2,84.8,5655129843,85.9,85.86666666666667
2025-10,롯데,롯데손해보험,4206629832,-7.7,113.8,20.3,118.7,3961036749,115.6,120.7
2025-10,흥국,흥국화재,2853287713,7.6,88.3,0.9,88.46666666666665,2591312531,89.8,89.93333333333334
2025-10,서울보증,서울보증보험,1598973153,0.5,74.8,-4.7,72.93333333333334,1613825072,74.2,72.26666666666667
2025-10,농협,농협손해보험,4185954441,12,99.8,8.7,96.43333333333334,2870259586,90,89.3
2025-11,삼성,삼성화재,24637127844,5.2,87.6,4.3,87.66666666666667,23710392552,87.6,87.63333333333333
2025-11,DB,DB손해보험,19957285672,15.9,85.7,6.1,85.86666666666667,18882489094,85.6,85.63333333333333
2025-11,현대,현대해상,16686753011,2.5,84.5,1.9,84.5,15249641927,86.7,86.56666666666666
2025-11,메리츠,메리츠화재,12401931001,-2.5,76.9,-5.8,76.36666666666666,10884372192,82.5,82.26666666666667
2025-11,KB,KB손해보험,15665468261,17.9,87.4,5.4,87.16666666666667,14566229841,86.6,86.26666666666665
2025-11,한화,한화손해보험,6707671623,9.1,88.3,5.6,86,6266100889,86,86
2025-11,롯데,롯데손해보험,4604155001,-9.4,114.2,68.3,115.53333333333332,4334921135,116.4,117.5
2025-11,흥국,흥국화재,3151077953,7.9,89.3,1.8,88.8,2858806523,89.8,89.93333333333334
2025-11,서울보증,서울보증보험,1755805555,1.3,75.3,-5.8,74.2,1777049046,75.3,73.83333333333333
2025-11,농협,농협손해보험,4757117408,13.9,98.5,7.9,97.96666666666665,3206146550,90.7,90