month,item_name_std,gross_written_current,gross_written_yoy_reported_pct,gross_loss_ratio_current,gross_loss_ratio_diff_pp,gross_loss_ratio_ma3,retained_premium_current,retained_loss_ratio_current,gross_written_current_yoy_calc,gross_written_current_ma3,gross_loss_ratio_current_yoy_calc,gross_loss_ratio_current_ma3,retained_premium_current_yoy_calc,retained_premium_current_ma3,retained_loss_ratio_current_yoy_calc,retained_loss_ratio_current_ma3
2023-01,합계,11097534183,27.1,85.2,-18.5,85.2,10725260576,86.4,,11097534183,,85.2,,10725260576,,86.4
2023-01,일반보험,1181378076,,54.55668081857986,,,,,,1181378076,,54.55668081857986,,,,
2023-01,장기보험,5185453870,2.9,81.6,-0.9,81.6,5044859424,80.9,,5185453870,,81.6,,5044859424,,80.9
2023-01,자동차보험,1618623816,1.6,80,-2.5,80,1588220091,80.4,,1618623816,,80,,1588220091,,80.4
2023-01,화재,23707294,-6.8,51.8,26.2,51.8,10536347,75.7,,23707294,,51.8,,10536347,,75.7
2023-01,해상,73001232,26.4,14.2,9.9,14.2,19930735,47.9,,73001232,,14.2,,19930735,,47.9
2023-01,보증,160483492,-10.2,54,36.3,54,133526247,54.7,,160483492,,54,,133526247,,54.7
2023-01,기술,42668228,9.4,161,148.4,161,18627372,108.2,,42668228,,161,,18627372,,108.2
2023-01,책임,138162442,12.1,-6.2,-63.6,-6.2,96254686,48.9,,138162442,,-6.2,,96254686,,48.9
2023-01,상해,341635320,1,86.5,-5.2,86.5,293408699,84.8,,341635320,,86.5,,293408699,,84.8
2023-01,종합,168624962,12.2,32.3,-209.6,32.3,40481742,56.6,,168624962,,32.3,,40481742,,56.6
2023-01,기타특종,169292431,2.8,59.8,-158.5,59.8,106365191,64.6,,169292431,,59.8,,106365191,,64.6
2023-01,권원,7575394,-13.3,-5.6,0.9,-5.6,6909821,-4.9,,7575394,,-5.6,,6909821,,-4.9
2023-01,해외원보험,56227281,8,43.2,1,43.2,28804977,55.2,,56227281,,43.2,,28804977,,55.2
2023-02,합계,20025547867,19,84.3,-0.3,84.75,19377128855,85.9,,15561541025,,84.75,,15051194715.5,,86.15
2023-02,일반보험,2334177859,,61.888763144719725,,,,,,1757777967.5,,58.2227219816498,,,,
2023-02,장기보험,10432530390,3.3,80.9,-0.4,81.25,10161843039,80.7,,7808992130,,81.25,,7603351231.5,,80.80000000000001
2023-02,자동차보험,3189905945,3.4,78.8,-0.8,79.4,3145315304,79.2,,2404264880.5,,79.4,,2366767697.5,,79.80000000000001
2023-02,화재,47676006,2.5,50.2,8.1,51,31036307,70.2,,35691650,,51,,20786327,,72.95
2023-02,해상,147001668,22,42.8,26.8,28.5,52503901,64.1,,110001450,,28.5,,36217318,,56
2023-02,보증,312049578,-1.2,63,32.1,58.5,295872764,64.6,,236266535,,58.5,,214699505.5,,59.65
2023-02,기술,70594532,8.8,110,100.8,135.5,43212274,70.6,,56631380,,135.5,,30919823,,89.4
2023-02,책임,265260054,14.4,38.4,-7.6,16.099999999999998,195417955,62.7,,201711248,,16.099999999999998,,145836320.5,,55.8
2023-02,상해,515283758,6.4,93,3.7,89.75,445512487,91.4,,428459539,,89.75,,369460593,,88.1
2023-02,종합,288195449,12.5,36.7,-108.6,34.5,102451296,62.5,,228410205.5,,34.5,,71466519,,59.55
2023-02,기타특종,557431266,-0.5,64.4,-82.2,62.1,250706832,66.2,,363361848.5,,62.1,,178536011.5,,65.4
2023-02,권원,16898725,-12.7,8.8,0.6,1.6000000000000005,15459007,8.8,,12237059.5,,1.6000000000000005,,11184414,,1.9500000000000002
2023-02,해외원보험,113786823,6.5,31.8,-4.5,37.5,64797485,55.8,,85007052,,37.5,,46801231,,55.5
2023-03,합계,29634890179,16.5,84.6,1.7,84.7,28819986876,85.5,,20252657409.666668,,84.7,,19640792102.333332,,85.93333333333334
2023-03,일반보험,3504987213,,66.06021779423821,,,,,,2340181049.3333335,,60.83522058584594,,,,
2023-03,장기보험,15787589140,3.4,81.7,-0.3,81.39999999999999,15362155552,81.3,,10468524466.666666,,81.39999999999999,,10189619338.333334,,80.96666666666668
2023-03,자동차보험,5033932810,3.2,77.7,1.3,78.83333333333333,4970669953,77.7,,3280820857,,78.83333333333333,,3234735116,,79.10000000000001
2023-03,화재,74736152,2.5,50.3,-6,50.76666666666667,53941117,61.3,,48706484,,50.76666666666667,,31837923.666666668,,69.06666666666666
2023-03,해상,224725471,21.3,43.5,23.7,33.5,102960517,63.8,,148242790.33333334,,33.5,,58465051,,58.6
2023-03,보증,484637598,1.1,60.8,26.3,59.26666666666667,450528966,63.5,,319056889.3333333,,59.26666666666667,,293309325.6666667,,60.93333333333334
2023-03,기술,107968325,2.4,80.5,69.2,117.16666666666667,68651311,61.1,,73743695,,117.16666666666667,,43496985.666666664,,79.96666666666667
2023-03,책임,449525640,12.4,39.1,-8.5,23.766666666666666,356165879,54.2,,284316045.3333333,,23.766666666666666,,215946173.33333334,,55.26666666666667
2023-03,상해,695926114,7.9,95.6,9.1,91.7,605285212,95.1,,517615064,,91.7,,448068799.3333333,,90.43333333333332
2023-03,종합,495203177,12,77.6,-17.6,48.86666666666667,165086373,87,,317341196,,48.86666666666667,,102673137,,68.7
2023-03,기타특종,751816586,-1.3,66.7,-43.7,63.63333333333333,462712681,74.5,,492846761,,63.63333333333333,,273261568,,68.43333333333334
2023-03,권원,27690335,-5.6,13.1,5.1,5.433333333333334,25477048,13.3,,17388151.333333332,,5.433333333333334,,15948625.333333334,,5.733333333333334
2023-03,해외원보험,192757815,9.7,35.3,-6.6,36.766666666666666,113621641,60,,120923973,,36.766666666666666,,69074701,,57
2023-04,합계,38234839210,14.1,84,1.7,84.3,37129475725,85,,29298425752,,84.3,,28442197152,,85.46666666666665
2023-04,일반보험,4530974808,,68.82928241725506,,,,,,3456713293.3333335,,65.59275445207099,,,,
2023-04,장기보험,21062803096,3.5,81.5,-0.4,81.36666666666667,20498157083,81.3,,15760974208.666666,,81.36666666666667,,15340718558,,81.10000000000001
2023-04,자동차보험,6681772267,2.2,77.4,0.6,77.96666666666667,6600139450,77.5,,4968537007.333333,,77.96666666666667,,4905374902.333333,,78.13333333333334
2023-04,화재,98565211,1.4,57.9,4.8,52.800000000000004,68500267,71.7,,73659123,,52.800000000000004,,51159230.333333336,,67.73333333333333
2023-04,해상,314719626,18.7,44.7,4.1,43.666666666666664,131145631,63.4,,228815588.33333334,,43.666666666666664,,95536683,,63.76666666666666
2023-04,보증,644734026,3.6,60,27.5,61.26666666666667,602443304,62,,480473734,,61.26666666666667,,449615011.3333333,,63.36666666666667
2023-04,기술,131835645,-8.5,54.2,43.5,81.56666666666666,74497323,47,,103466167.33333333,,81.56666666666666,,62120302.666666664,,59.56666666666666
2023-04,책임,546448936,14.1,43,-8.5,40.166666666666664,434147586,54.2,,420411543.3333333,,40.166666666666664,,328577140,,57.03333333333334
2023-04,상해,846846249,9.7,93.7,8.4,94.10000000000001,738681477,93.6,,686018707,,94.10000000000001,,596493058.6666666,,93.36666666666667
2023-04,종합,706119512,13.5,71.3,-2.5,61.86666666666667,208964015,84.6,,496506046,,61.86666666666667,,158833894.66666666,,78.03333333333333
2023-04,기타특종,932378135,-1.1,88.1,-5.7,73.06666666666668,616862126,78,,747208662.3333334,,73.06666666666668,,443427213,,72.89999999999999
2023-04,권원,35432848,-8.3,16.1,4.5,12.666666666666666,32269237,16.3,,26673969.333333332,,12.666666666666666,,24401764,,12.800000000000002
2023-04,해외원보험,273894620,10.9,37.8,-8.2,34.96666666666666,149698563,59.7,,193479752.66666666,,34.96666666666666,,109372563,,58.5
2023-05,합계,46825397064,12,83.9,1.5,84.16666666666667,45498540151,84.5,,38231708817.666664,,84.16666666666667,,37149334250.666664,,85
2023-05,일반보험,5726813709,,69.2029399785213,,,,,,4587591910,,68.03081339667152,,,,
2023-05,장기보험,26184792197,2.9,81.6,0,81.6,25495340199,81.4,,21011728144.333332,,81.6,,20451884278,,81.33333333333333
2023-05,자동차보험,8393138960,1.8,77.6,0.4,77.56666666666668,8296064841,77.6,,6702948012.333333,,77.56666666666668,,6622291414.666667,,77.6
2023-05,화재,123976062,0.8,55.7,-2.9,54.633333333333326,90366644,68.6,,99092475,,54.633333333333326,,70936009.33333333,,67.2
2023-05,해상,399425588,10.2,44.5,5.4,44.23333333333333,167250395,64.3,,312956895,,44.23333333333333,,133785514.33333333,,63.833333333333336
2023-05,보증,820732387,6.4,62.4,26.8,61.06666666666666,775955714,64,,650034670.3333334,,61.06666666666666,,609642661.3333334,,63.166666666666664
2023-05,기술,169526758,-4.4,84,74.1,72.89999999999999,100370575,61,,136443576,,72.89999999999999,,81173069.66666667,,56.36666666666667
2023-05,책임,675024004,14.1,42.3,-5.6,41.46666666666666,530985512,53.9,,556999526.6666666,,41.46666666666666,,440432992.3333333,,54.1
2023-05,상해,984090666,10.8,93.3,8.7,94.2,862073263,93.4,,842287676.3333334,,94.2,,735346650.6666666,,94.03333333333335
2023-05,종합,946007275,12,65.2,-19.6,71.36666666666666,322655289,76.6,,715776654.6666666,,71.36666666666666,,232235225.66666666,,82.73333333333333
2023-05,기타특종,1201029493,0,91.1,-3.7,81.96666666666667,751498426,75.9,,961741404.6666666,,81.96666666666667,,610357744.3333334,,76.13333333333334
2023-05,권원,49185094,1.1,16.2,3.8,15.133333333333335,45119677,16.8,,37436092.333333336,,15.133333333333335,,34288654,,15.466666666666669
2023-05,해외원보험,357816382,12.2,38.9,-5.2,37.333333333333336,192593815,59.2,,274822939,,37.333333333333336,,151971339.66666666,,59.63333333333333
2023-06,합계,57976498678,11.2,83.9,1.3,83.93333333333334,56434242685,84.5,,47678911650.666664,,83.93333333333334,,46354086187,,84.66666666666667
2023-06,일반보험,7126735126,,67.98760827195922,,,,,,5794841214.333333,,68.67327688924519,,,,
2023-06,장기보험,31709898526,3.8,80.9,-0.3,81.33333333333333,30877801833,80.6,,26319164606.333332,,81.33333333333333,,25623766371.666668,,81.1
2023-06,자동차보험,10167987165,2.3,77.8,0.9,77.60000000000001,10051608206,77.8,,8414299464,,77.60000000000001,,8315937499,,77.63333333333333
2023-06,화재,152438318,1.5,59.9,9,57.833333333333336,114048048,75,,124993197,,57.833333333333336,,90971653,,71.76666666666667
2023-06,해상,473227439,11,39.3,-4.4,42.833333333333336,203867999,56.4,,395790884.3333333,,42.833333333333336,,167421341.66666666,,61.36666666666667
2023-06,보증,997159052,7.2,64.7,28.7,62.366666666666674,934420496,66.8,,820875155,,62.366666666666674,,770939838,,64.26666666666667
2023-06,기술,215965040,-2.9,79.8,70.4,72.66666666666667,128427334,65.2,,172442481,,72.66666666666667,,101098410.66666667,,57.73333333333333
2023-06,책임,856075749,12.1,45,-7.2,43.43333333333334,666919675,55.8,,692516229.6666666,,43.43333333333334,,544017591,,54.633333333333326
2023-06,상해,1135158357,12.1,93.8,8.9,93.60000000000001,996031119,93.9,,988698424,,93.60000000000001,,865595286.3333334,,93.63333333333333
2023-06,종합,1331697877,16.2,60.8,-14.5,65.76666666666667,526466763,76.3,,994608221.3333334,,65.76666666666667,,352695355.6666667,,79.16666666666667
2023-06,기타특종,1454190104,0.8,86,-3.2,88.39999999999999,987275969,75,,1195865910.6666667,,88.39999999999999,,785212173.6666666,,76.3
2023-06,권원,59990950,2.8,13.4,-0.9,15.233333333333333,55017403,14.1,,48202964,,15.233333333333333,,44135439,,15.733333333333334
2023-06,해외원보험,450832240,12.1,51.5,5.8,42.73333333333333,246471059,69.1,,360847747.3333333,,42.73333333333333,,196254479,,62.666666666666664
2023-07,합계,67512228588,11.3,84.3,1.8,84.03333333333335,65681854069,84.7,,57438041443.333336,,84.03333333333335,,55871545635,,84.56666666666666
2023-07,일반보험,8196490435,,68.55743864755695,,,,,,7016679756.666667,,68.58266229934581,,,,
2023-07,장기보험,37101327431,3.9,80.9,-0.2,81.13333333333334,36129010965,80.6,,31665339384.666668,,81.13333333333334,,30834050999,,80.86666666666666
2023-07,자동차보험,11867104996,2,78,0.8,77.8,11730638263,78,,10142743707,,77.8,,10026103770,,77.8
2023-07,화재,177765685,1.1,60.1,9.1,58.56666666666666,130001017,74.7,,151393355,,58.56666666666666,,111471903,,72.76666666666667
2023-07,해상,552865646,10.1,39.3,-4.4,41.03333333333333,234854184,54.4,,475172891,,41.03333333333333,,201990859.33333334,,58.36666666666667
2023-07,보증,1137643662,7,66.5,28.1,64.53333333333333,1067637722,68.3,,985178367,,64.53333333333333,,926004644,,66.36666666666667
2023-07,기술,244482351,-9.6,75.6,65.6,79.8,135673949,70.3,,209991383,,79.8,,121490619.33333333,,65.5
2023-07,책임,988755696,10.5,46.1,-4.7,44.46666666666667,768521525,57.4,,839951816.3333334,,44.46666666666667,,655475570.6666666,,55.699999999999996
2023-07,상해,1312796458,13.4,93.1,8.1,93.39999999999999,1156729104,93.2,,1144015160.3333333,,93.39999999999999,,1004944495.3333334,,93.5
2023-07,종합,1533973518,14.4,62.3,-6.4,62.76666666666667,572963685,78.4,,1270559556.6666667,,62.76666666666667,,474028579,,77.1
2023-07,기타특종,1631888625,1.4,86.3,0,87.8,1137177305,74.8,,1429036074,,87.8,,958650566.6666666,,75.23333333333333
2023-07,권원,71104102,5.4,16.8,3.1,15.466666666666669,65282272,16.8,,60093382,,15.466666666666669,,55139784,,15.9
2023-07,해외원보험,545214692,13.4,55,6.3,48.46666666666667,285050139,70.5,,451287771.3333333,,48.46666666666667,,241371671,,66.26666666666667
2023-08,합계,74179115352,7,84.2,1.7,84.13333333333333,72280847579,84.3,,66555947539.333336,,84.13333333333333,,64798981444.333336,,84.5
2023-08,일반보험,9098055899,,72.9130099370804,,,,,,8140427153.333333,,69.81935228553219,,,,
2023-08,장기보험,42517565609,4,81,0,80.93333333333334,41402737645,80.7,,37109597188.666664,,80.93333333333334,,36136516814.333336,,80.63333333333333
2023-08,자동차보험,13513163369,1.7,78.5,-0.1,78.10000000000001,13361373886,78.5,,11849418510,,78.10000000000001,,11714540118.333334,,78.10000000000001
2023-08,화재,202679035,1.1,59.2,-1.6,59.73333333333333,151801300,72,,177627679.33333334,,59.73333333333333,,131950121.66666667,,73.89999999999999
2023-08,해상,631289798,9.6,38.9,-4.8,39.166666666666664,273214353,53,,552460961,,39.166666666666664,,237312178.66666666,,54.6
2023-08,보증,1291062518,8.1,65.8,28.4,65.66666666666667,1218635400,67.1,,1141955077.3333333,,65.66666666666667,,1073564539.3333334,,67.39999999999999
2023-08,기술,270499366,-8,80.1,59.4,78.49999999999999,154544093,80.7,,243648919,,78.49999999999999,,139548458.66666666,,72.06666666666666
2023-08,책임,1113885011,12.3,44.6,-8.1,45.23333333333333,869036482,59.1,,986238818.6666666,,45.23333333333333,,768159227.3333334,,57.43333333333333
2023-08,상해,1444572898,13.9,93.1,7.4,93.33333333333333,1275123823,93.5,,1297509237.6666667,,93.33333333333333,,1142628015.3333333,,93.53333333333335
2023-08,종합,1677404743,14.7,60.5,-10.9,61.199999999999996,654247400,78.2,,1514358712.6666667,,61.199999999999996,,584559282.6666666,,77.63333333333333
2023-08,기타특종,1763191530,1.3,90.1,4.2,87.46666666666665,1225052539,76.6,,1616423419.6666667,,87.46666666666665,,1116501937.6666667,,75.46666666666667
2023-08,권원,82443747,6.6,17,4,15.733333333333334,75729733,16.9,,71179599.66666667,,15.733333333333334,,65343136,,15.933333333333332
2023-08,해외원보험,621027253,7.3,119.6,72.8,75.36666666666666,309034020,88.6,,539024728.3333334,,75.36666666666666,,280185072.6666667,,76.06666666666666
2023-09,합계,82907766840,6.8,84.1,0.5,84.2,81005684326,84.1,,74866370260,,84.2,,72989461991.33333,,84.36666666666666
2023-09,일반보험,10149179863,,72.56343235659337,,,,,,9147908732.333334,,71.34462698041024,,,,
2023-09,장기보험,47890358882,4.1,80.7,0,80.86666666666667,46677075426,80.4,,42503083974,,80.86666666666667,,41402941345.333336,,80.56666666666668
2023-09,자동차보험,15051916124,1.3,79,-0.5,78.5,14884317379,79,,13477394829.666666,,78.5,,13325443176,,78.5
2023-09,화재,227635477,1.3,55.9,-15.1,58.400000000000006,170475837,67.3,,202693399,,58.400000000000006,,150759384.66666666,,71.33333333333333
2023-09,해상,719026514,9.4,39.8,-6.3,39.33333333333333,311634315,54,,634393986,,39.33333333333333,,273234284,,53.800000000000004
2023-09,보증,1433035461,6.8,66.7,26.7,66.33333333333333,1346530049,68.1,,1287247213.6666667,,66.33333333333333,,1210934390.3333333,,67.83333333333333
2023-09,기술,292524183,-8.2,75.3,40.6,77,170360944,74.2,,269168633.3333333,,77,,153526328.66666666,,75.06666666666666
2023-09,책임,1227211085,11.8,47.6,-23.6,46.1,961666940,59.5,,1109950597.3333333,,46.1,,866408315.6666666,,58.666666666666664
2023-09,상해,1574349107,14.2,92.5,6.4,92.89999999999999,1388984268,93.2,,1443906154.3333333,,92.89999999999999,,1273612398.3333333,,93.3
2023-09,종합,1982926742,12.2,59,-47,60.6,812364751,75.3,,1731435001,,60.6,,679858612,,77.30000000000001
2023-09,기타특종,1888672864,1.2,87.2,-3.9,87.86666666666666,1424075084,76.9,,1761251006.3333333,,87.86666666666666,,1262101642.6666667,,76.1
2023-09,권원,92905143,7.1,16.1,2.5,16.633333333333333,85437098,16.5,,82150997.33333333,,16.633333333333333,,75483034.33333333,,16.733333333333334
2023-09,해외원보험,710893287,7.3,127,82.5,100.53333333333335,356745419,95.7,,625711744,,100.53333333333335,,316943192.6666667,,84.93333333333334
2023-10,합계,91890066140,6.8,83.9,0.5,84.06666666666668,89684215892,84,,82992316110.66667,,84.06666666666668,,80990249265.66667,,84.13333333333333
2023-10,일반보험,11151274802,,72.41779003648664,,,,,,10132836854.666666,,72.63141077672013,,,,
2023-10,장기보험,53350665158,4.2,80.5,0.1,80.73333333333333,51996972722,80.3,,47919529883,,80.73333333333333,,46692261931,,80.46666666666668
2023-10,자동차보험,16709847264,1.3,79.3,-0.7,78.93333333333334,16517855678,79.3,,15091642252.333334,,78.93333333333334,,14921182314.333334,,78.93333333333334
2023-10,화재,255559073,2.3,55.7,-16.8,56.93333333333334,188583655,66.3,,228624528.33333334,,56.93333333333334,,170286930.66666666,,68.53333333333335
2023-10,해상,799518901,8.6,40.2,-10.1,39.63333333333333,343224433,54.5,,716611737.6666666,,39.63333333333333,,309357700.3333333,,53.833333333333336
2023-10,보증,1571070366,6.7,67.6,26.5,66.7,1476890135,68.9,,1431722781.6666667,,66.7,,1347351861.3333333,,68.03333333333333
2023-10,기술,321152948,-8,69.7,31.9,75.03333333333332,181021154,69.8,,294725499,,75.03333333333332,,168642063.66666666,,74.89999999999999
2023-10,책임,1362870654,13.4,47.4,-17.5,46.53333333333333,1049268315,58.6,,1234655583.3333333,,46.53333333333333,,959990579,,59.06666666666666
2023-10,상해,1690828168,14.6,92.5,6.3,92.7,1493187275,93.1,,1569916724.3333333,,92.7,,1385765122,,93.26666666666665
2023-10,종합,2191418741,13.5,54.4,-59.3,57.96666666666667,868169455,71.6,,1950583408.6666667,,57.96666666666667,,778260535.3333334,,75.03333333333333
2023-10,기타특종,2022550812,1.3,90.2,3.9,89.16666666666667,1542692947,77,,1891471735.3333333,,89.16666666666667,,1397273523.3333333,,76.83333333333333
2023-10,권원,102596378,7.4,17.6,4.1,16.900000000000002,94297965,17.6,,92648422.66666667,,16.900000000000002,,85154932,,17
2023-10,해외원보험,833708761,6.9,129.7,83.5,125.43333333333332,392391263,98.3,,721876433.6666666,,125.43333333333332,,352723567.3333333,,94.2
2023-11,합계,101886632616,6.2,84.9,0.9,84.3,100185121076,84.5,,92228155198.66667,,84.3,,90291673764.66667,,84.2
2023-11,일반보험,12241972873,,78.18322592607986,,,,,,11180809179.333334,,74.38814943971995,,,,
2023-11,장기보험,58781625393,4,80.6,0.2,80.6,57305203588,80.4,,53340883144.333336,,80.6,,51993083912,,80.36666666666666
2023-11,자동차보험,18386191898,1.3,80,-0.5,79.43333333333334,18181632148,80,,16715985095.333334,,79.43333333333334,,16527935068.333334,,79.43333333333334
2023-11,화재,288150357,2.8,55.2,-14.6,55.6,215213947,66.1,,257114969,,55.6,,191424479.66666666,,66.56666666666666
2023-11,해상,885077769,8.5,38,-14.3,39.333333333333336,380746244,53.1,,801207728,,39.333333333333336,,345201664,,53.86666666666667
2023-11,보증,1725479014,6.9,68.3,27.6,67.53333333333335,1626277144,69.6,,1576528280.3333333,,67.53333333333335,,1483232442.6666667,,68.86666666666666
2023-11,기술,393338832,-0.5,63.6,23.2,69.53333333333333,219282750,64.6,,335671987.6666667,,69.53333333333333,,190221616,,69.53333333333333
2023-11,책임,1469956549,12.6,46.3,-17.5,47.1,1129577941,58.8,,1353346096,,47.1,,1046837732,,58.96666666666666
2023-11,상해,1800901048,14.5,93.3,5.7,92.76666666666667,1592812595,94.1,,1688692774.3333333,,92.76666666666667,,1491661379.3333333,,93.46666666666665
2023-11,종합,2360519743,11.7,54.4,-52,55.93333333333334,952132305,70.5,,2178288408.6666665,,55.93333333333334,,877555503.6666666,,72.46666666666665
2023-11,기타특종,2293798355,2.8,121.1,20.1,99.5,2386051272,84.2,,2068340677,,99.5,,1784273101,,79.36666666666667
2023-11,권원,113542015,9.5,18.2,4.2,17.3,104537159,18,,103014512,,17.3,,94757407.33333333,,17.366666666666667
2023-11,해외원보험,911209191,7,132.1,87.2,129.6,439549364,117.1,,818603746.3333334,,129.6,,396228682,,103.7
2023-12,합계,119435079752,0.6,86,-2.5,84.93333333333334,117660016140,85.9,,104403926169.33333,,84.93333333333334,,102509784369.33333,,84.8
2023-12,일반보험,13416430738,,75.99778455137731,,,,,,12269892804.333334,,75.53293350464793,,,,
2023-12,장기보험,64263342378,4,80.8,0.2,80.63333333333333,62656451947,80.5,,58798544309.666664,,80.63333333333333,,57319542752.333336,,80.39999999999999
2023-12,자동차보험,20081604136,1.1,80.6,-0.9,79.96666666666667,19867000738,80.6,,18392547766,,79.96666666666667,,18188829521.333332,,79.96666666666667
2023-12,화재,326696152,2.9,57.5,-11.8,56.13333333333333,242471732,70,,290135194,,56.13333333333333,,215423111.33333334,,67.46666666666665
2023-12,해상,951932071,9.2,41.4,-11.4,39.86666666666667,408290974,56.7,,878842913.6666666,,39.86666666666667,,377420550.3333333,,54.76666666666667
2023-12,보증,1910595541,6,65.6,23,67.16666666666666,1793778314,67.1,,1735714973.6666667,,67.16666666666666,,1632315197.6666667,,68.53333333333333
2023-12,기술,437232382,-0.6,60.8,22.2,64.7,242119154,64.1,,383908054,,64.7,,214141019.33333334,,66.16666666666666
2023-12,책임,1633528461,11.5,44.2,-16,45.96666666666666,1243447461,59.1,,1488785221.3333333,,45.96666666666666,,1140764572.3333333,,58.833333333333336
2023-12,상해,2045454848,14,93.3,5.3,93.03333333333335,1801899205,94.2,,1845728021.3333333,,93.03333333333335,,1629299691.6666667,,93.8
2023-12,종합,2564949233,10.6,54.3,-46.4,54.36666666666667,1052713653,72.8,,2372295905.6666665,,54.36666666666667,,957671804.3333334,,71.63333333333333
2023-12,기타특종,2406512415,3,114.3,16.5,108.53333333333335,2621340996,84,,2240953860.6666665,,108.53333333333335,,2183361738.3333335,,81.73333333333333
2023-12,권원,123272766,10.5,18.2,6.5,18,113602345,18.1,,113137053,,18,,104145823,,17.900000000000002
2023-12,해외원보험,1016256869,7.6,127.8,82.4,129.86666666666665,489740876,120.3,,920391607,,129.86666666666665,,440560501,,111.89999999999999
2024-01,합계,10227325456,-7.8,89.4,4.2,86.76666666666667,9835187080,90.5,-0.07841460207737393,77183012608,0.049295774647887355,86.76666666666667,-0.08298851945767402,75893441432,0.04745370370370364,86.96666666666665
2024-01,일반보험,1328656436,,75.31012775480207,,,,,0.12466657625699835,8995686682.333334,0.38040156814588316,76.49704607741974,,,,
2024-01,장기보험,5533706140,6.7,88.3,6.6,83.23333333333333,5388625644,88.3,0.06715945773132488,42859557970.333336,0.08210784313725494,83.23333333333333,0.06814188287677449,41783427059.666664,0.09147095179233611,83.06666666666666
2024-01,자동차보험,1682176806,3.9,82.3,2.2,80.96666666666665,1658304804,82.5,0.0392635950192889,13383324280,0.028749999999999963,80.96666666666665,0.04412783429522804,13235645896.666666,0.026119402985074553,81.03333333333333
2024-01,화재,26274961,10.8,50.6,-1.3,54.43333333333334,12681331,74.8,0.10830704676796939,213707156.66666666,-0.023166023166023085,54.43333333333334,0.20357947588476347,156789003.33333334,-0.011889035667107075,70.3
2024-01,해상,85282403,16.8,96.5,82.4,58.63333333333333,28098771,97.2,0.16823237996860108,640764081,5.795774647887324,58.63333333333333,0.4098211129694916,272378663,1.0292275574112737,69
2024-01,보증,195161565,21.6,83.9,29.9,72.6,183996493,87.5,0.21608498523947872,1277078706.6666667,0.5537037037037038,72.6,0.3779799637445064,1201350650.3333333,0.5996343692870201,74.73333333333333
2024-01,기술,30485281,-28.6,22.6,-138.4,49,15409445,32.3,-0.28552737179523835,287018831.6666667,-0.8596273291925466,49,-0.1727526029973525,158937116.33333334,-0.7014787430683919,53.666666666666664
2024-01,책임,146004551,5.7,69.1,75.2,53.199999999999996,98871930,63.8,0.056760063635817905,1083163187,-12.14516129032258,53.199999999999996,0.02719082164997141,823965777.3333334,0.3047034764826176,60.56666666666666
2024-01,상해,400858406,17.3,95.7,9.2,94.10000000000001,368568311,92.7,0.17335176585371795,1415738100.6666667,0.1063583815028902,94.10000000000001,0.25616013518399466,1254426703.6666667,0.09316037735849064,93.66666666666667
2024-01,종합,175079291,3.8,38.2,5.9,48.96666666666666,30837602,56.4,0.038276236942902914,1700182755.6666667,0.1826625386996906,48.96666666666666,-0.23823431313800675,678561186.6666666,-0.00353356890459369,66.56666666666668
2024-01,기타특종,184755397,9.1,74.7,15,103.36666666666666,114253922,73.1,0.09133879115954097,1628355389,0.24916387959866232,103.36666666666666,0.07416647237534693,1707215396.6666667,0.13157894736842107,80.43333333333332
2024-01,권원,10774865,42.2,-6.8,-1.3,9.866666666666665,10040068,-1.3,0.4223504414423857,82529882,0.21428571428571433,9.866666666666665,0.453014195302599,76059857.33333333,-0.7346938775510204,11.600000000000001
2024-01,해외원보험,73979716,31.6,61.8,18.6,107.23333333333333,36838524,87.5,0.31572636421810973,667148592,0.4305555555555554,107.23333333333333,0.2788944077268314,322042921.3333333,0.5851449275362318,108.3
2024-02,합계,20368522066,1.7,86.4,2.2,87.26666666666667,19599227625,88.1,0.017126832248379353,50010309091.333336,0.024911032028469855,87.26666666666667,0.011461902930097433,49031476948.333336,0.025611175785797306,88.16666666666667
2024-02,일반보험,2674125181,,66.58190152665856,,,,,0.14563899691244564,5806404118.333333,0.07583183349398126,72.62993794427932,,,,
2024-02,장기보험,11044777703,5.9,83.9,3,84.33333333333333,10758960090,83.9,0.05868636755535969,26947275407,0.037082818294190356,84.33333333333333,0.058760704008941345,26268012560.333332,0.03965303593556385,84.23333333333333
2024-02,자동차보험,3266339215,2.4,81,2.2,81.3,3232686016,81.1,0.023960979200595207,8343373385.666667,0.027918781725888363,81.3,0.027778045618793074,8252663852.666667,0.02398989898989888,81.39999999999999
2024-02,화재,50739058,6.4,41.8,-8.4,49.96666666666666,32616343,59.6,0.0642472442007831,134570057,-0.16733067729083675,49.96666666666666,0.050909278607148716,95923135.33333333,-0.15099715099715103,68.13333333333334
2024-02,해상,166067806,13,73,30.2,70.3,65100168,79.6,0.1297001473479879,401094093.3333333,0.7056074766355142,70.3,0.23991106870325693,167163304.33333334,0.2418096723868955,77.83333333333333
2024-02,보증,376178021,20.6,80.2,17.2,76.56666666666666,359175790,80.9,0.2055072255217086,827311709,0.27301587301587305,76.56666666666666,0.21395354254371315,778983532.3333334,0.2523219814241488,78.5
2024-02,기술,57932414,-17.9,19.1,-90.9,34.166666666666664,36551980,29.5,-0.17936400513286213,175216692.33333334,-0.8263636363636364,34.166666666666664,-0.15412968084021683,98026859.66666667,-0.5821529745042493,41.96666666666666
2024-02,책임,288604095,8.8,65.9,27.6,59.73333333333333,207632317,68.3,0.08800435892243315,689379035.6666666,0.7161458333333336,59.73333333333333,0.06250378579593671,516650569.3333333,0.08931419457735237,63.73333333333333
2024-02,상해,612710000,18.9,91.8,-1.2,93.60000000000001,558284867,91.2,0.18907299228321495,1019674418,-0.012903225806451644,93.60000000000001,0.25312956042913337,909584127.6666666,-0.002188183807439856,92.7
2024-02,종합,311840185,8.2,13.2,-23.5,35.233333333333334,108893671,47.3,0.08204409917659734,1017289569.6666666,-0.6403269754768393,35.233333333333334,0.0628823182480776,397481642,-0.24320000000000006,58.833333333333336
2024-02,기타특종,638160117,14.5,70.9,6.5,86.63333333333333,284101464,69.4,0.144822969079743,1076475976.3333333,0.10093167701863354,86.63333333333333,0.1332019224749328,1006565460.6666666,0.048338368580060465,75.5
2024-02,권원,24123055,42.8,4.7,-4.2,5.366666666666666,22541581,7.6,0.4275074007062663,52723562,-0.46590909090909094,5.366666666666666,0.4581519369258323,48727998,-0.13636363636363646,8.133333333333333
2024-02,해외원보험,147770430,29.9,52.7,20.9,80.76666666666667,83612542,78.4,0.2986603026960336,412669005,0.6572327044025158,80.76666666666667,0.2903670875497714,203397314,0.40501792114695356,95.40000000000002
2024-03,합계,30535733892,3,83.6,-0.9,86.46666666666665,29726030036,85.5,0.03039807833127587,20377193804.666668,-0.011820330969267141,86.46666666666665,0.031438014316186674,19720148247,0,88.03333333333335
2024-03,일반보험,3851522400,,59.685422633683764,,,,,0.09886917296436938,2618101339,-0.09649975996764666,67.1924839717148,,,,
2024-03,장기보험,16645755358,5.4,81.3,-0.4,84.5,16217520402,81.3,0.054357014892522086,11074746400.333334,-0.004895960832313411,84.5,0.05568000187894465,10788368712,0,84.5
2024-03,자동차보험,5014594449,-0.4,79.6,1.9,80.96666666666667,4967984837,79.6,-0.003841600937061375,3321036823.3333335,0.024453024453024344,80.96666666666667,-0.0005401919711807508,3286325219,0.024453024453024344,81.06666666666666
2024-03,화재,78001079,4.4,35,-15.3,42.46666666666667,53723830,53.6,0.043686046346084285,51671699.333333336,-0.3041749502982107,42.46666666666667,-0.004028225815197709,33007168,-0.12561174551386617,62.666666666666664
2024-03,해상,252277511,12.3,74.6,31.1,81.36666666666666,115299873,75.9,0.12260310269858106,167875906.66666666,0.714942528735632,81.36666666666666,0.11984551320774739,69499604,0.18965517241379323,84.23333333333333
2024-03,보증,545358545,12.5,80.9,20,81.66666666666667,509139232,82.4,0.12529144922016555,372232710.3333333,0.3305921052631581,81.66666666666667,0.1300921148763607,350770505,0.29763779527559064,83.60000000000001
2024-03,기술,104425862,-3.3,29.4,-51.1,23.7,78938878,40.2,-0.032810206141477144,64281185.666666664,-0.6347826086956522,23.7,0.14985244782870935,43633434.333333336,-0.3420621931260229,34
2024-03,책임,476854081,6.1,58.1,19,64.36666666666666,369743213,70.2,0.06079395382207787,303820909,0.4859335038363171,64.36666666666666,0.03812081617172542,225415820,0.2952029520295203,67.43333333333334
2024-03,상해,805752173,15.8,90.6,-5,92.7,734316279,91.3,0.15781281488166715,606440193,-0.05230125523012553,92.7,0.21317399540235257,553723152.3333334,-0.039957939011566745,91.73333333333333
2024-03,종합,524563873,5.9,12.3,-65.3,21.233333333333334,221612496,45.6,0.05929020120159689,337161116.3333333,-0.8414948453608248,21.233333333333334,0.3424033248340855,120447923,-0.47586206896551725,49.76666666666666
2024-03,기타특종,793499560,5.5,50.4,-16.3,65.33333333333334,508219716,75.4,0.05544300934057871,538805024.6666666,-0.24437781109445283,65.33333333333334,0.09834836361443917,302191700.6666667,0.012080536912751754,72.63333333333334
2024-03,권원,35500984,28.2,12.3,-0.8,3.4000000000000004,33173198,14.1,0.2820713075518949,23466301.333333332,-0.06106870229007626,3.4000000000000004,0.3020817011452818,21918282.333333332,0.06015037593984954,6.8
2024-03,해외원보험,235288732,22.1,57.6,22.3,57.36666666666667,139431579,46.2,0.22064431992031036,152346292.66666666,0.6317280453257792,57.36666666666667,0.2271568846642516,86627548.33333333,-0.22999999999999995,70.7
2024-04,합계,39984236633,4.6,83.1,-1,84.36666666666666,38897719335,84.9,0.04575401542534694,30296164197,-0.010714285714285782,84.36666666666666,0.047623716076588905,29407658998.666668,-0.0011764705882352272,86.16666666666667
2024-04,일반보험,5023250620,,60.44913037844805,,,,,0.10864677753909066,3849632733.6666665,-0.12175271547951169,62.23881817959679,,,,
2024-04,장기보험,22248092434,5.6,80.8,-0.8,82,21676505660,80.7,0.05627405491081556,16646208498.333334,-0.00858895705521476,82,0.05748558625191018,16217662050.666666,-0.007380073800737938,81.96666666666665
2024-04,자동차보험,6679380094,0,79.8,2.4,80.13333333333333,6616097596,79.9,-0.0003580147458503617,4986771252.666667,0.031007751937984385,80.13333333333333,0.0024178498228548794,4938922816.333333,0.030967741935483944,80.2
2024-04,화재,105664927,7.2,39.5,-18.4,38.766666666666666,72158839,51.6,0.0720306478114271,78135021.33333333,-0.3177892918825561,38.766666666666666,0.053409602038485486,52833004,-0.2803347280334728,54.93333333333334
2024-04,해상,350937158,11.5,69.1,24.4,72.23333333333333,147130804,74.5,0.11507872089298937,256427491.66666666,0.5458612975391497,72.23333333333333,0.12188871926659912,109176948.33333333,0.17507886435331232,76.66666666666667
2024-04,보증,720074123,11.7,81.8,21.8,80.96666666666668,675355766,82.7,0.11685453840154544,547203563,0.3633333333333333,80.96666666666668,0.12102792331807542,514556929.3333333,0.33387096774193553,82
2024-04,기술,134580938,2.1,24.2,-30,24.233333333333334,93584132,37.6,0.020823601993224215,98979738,-0.5535055350553506,24.233333333333334,0.25620798481577656,69691663.33333333,-0.19999999999999998,35.76666666666667
2024-04,책임,591944098,8.3,59.8,16.8,61.26666666666667,466092258,67.8,0.08325601717339605,452467424.6666667,0.3906976744186046,61.26666666666667,0.07358021334247382,347822596,0.2509225092250921,68.76666666666667
2024-04,상해,996757590,17.7,89.7,-4,90.69999999999999,906204070,90.5,0.1770230914726529,805073254.3333334,-0.042689434364994665,90.69999999999999,0.22678596691006508,732935072,-0.03311965811965806,91
2024-04,종합,736705643,4.3,15.2,-56,13.566666666666668,291898600,42.2,0.043315799209921846,524369900.3333333,-0.7868162692847125,13.566666666666668,0.3968845305733621,207468255.66666666,-0.5011820330969267,45.03333333333334
2024-04,기타특종,998626252,7.1,59.6,-28.4,60.300000000000004,678756287,77.7,0.07105284273960372,810095309.6666666,-0.3234960272417707,60.300000000000004,0.10033710677189477,490359155.6666667,-0.0038461538461538095,74.16666666666667
2024-04,권원,46643022,31.6,15.4,-0.6,10.799999999999999,43457624,16.4,0.31637801172516533,35422353.666666664,-0.04347826086956528,10.799999999999999,0.3467199115987775,33057467.666666668,0.006134969325153243,12.699999999999998
2024-04,해외원보험,341316869,24.6,49.3,11.5,53.20000000000001,184113457,47.9,0.24616127545696223,241458677,0.30423280423280424,53.20000000000001,0.2298946182936973,135719192.66666666,-0.1976549413735344,57.5
2024-05,합계,49587931455,5.9,82.6,-1.3,83.1,48219111795,84.1,0.058996496863106665,40035967326.666664,-0.015494636471990599,83.1,0.05979470187331286,38947620388.666664,-0.004733727810650954,84.83333333333333
2024-05,일반보험,6298466583,,61.428281383659446,,,,,0.09982040678250391,5057746534.333333,-0.11234578469173269,60.52094479859709,,,,
2024-05,장기보험,27869638170,6.4,80.4,-1.1,80.83333333333333,27160466130,80.4,0.06434444697227856,22254495320.666668,-0.014705882352941037,80.83333333333333,0.06531099087139504,21684830730.666668,-0.012285012285012284,80.8
2024-05,자동차보험,8396167461,0,80,2.5,79.8,8317863876,80.1,0.0003608305562952338,6696714001.333333,0.030927835051546466,79.8,0.002627635561895194,6633982103,0.03221649484536083,79.86666666666666
2024-05,화재,135328738,9.2,35.4,-20.3,36.63333333333333,95631534,45,0.09157151644323079,106331581.33333333,-0.36445242369838426,36.63333333333333,0.05826143106520587,73838067.66666667,-0.3440233236151603,50.06666666666666
2024-05,해상,442563462,10.8,66.8,22.3,70.16666666666667,190674398,73.2,0.10799977591821183,348592710.3333333,0.5011235955056179,70.16666666666667,0.1400534988273122,151035025,0.1384136858475895,74.53333333333335
2024-05,보증,878560910,7,81.4,19,81.36666666666666,830786785,82.3,0.0704596576374657,714664526,0.3044871794871796,81.36666666666666,0.07066262933660154,671760594.3333334,0.28593749999999996,82.46666666666668
2024-05,기술,189256587,11.6,24.3,-59.8,25.966666666666665,133286242,31.5,0.11638179855949349,142754462.33333334,-0.7107142857142857,25.966666666666665,0.32794140115267845,101936417.33333333,-0.48360655737704916,36.43333333333334
2024-05,책임,736567357,9.1,58.1,15.8,58.666666666666664,566471897,66.3,0.09117209556298979,601788512,0.37352245862884176,58.666666666666664,0.06683117372889827,467435789.3333333,0.23005565862708718,68.10000000000001
2024-05,상해,1152026661,17.1,89.3,-4,89.86666666666667,1055050411,90.2,0.17065093776633788,984845474.6666666,-0.04287245444801715,89.86666666666667,0.22385237575799866,898523586.6666666,-0.03426124197002144,90.66666666666667
2024-05,종합,989093588,4.6,19.5,-45.7,15.666666666666666,423659581,45,0.04554543515534804,750121034.6666666,-0.7009202453987731,15.666666666666666,0.3130408688264211,312390225.6666667,-0.41253263707571797,44.26666666666667
2024-05,기타특종,1284357677,6.9,70.4,-20.7,60.13333333333333,819305768,76.5,0.06938063093842775,1025494496.3333334,-0.22722283205268926,60.13333333333333,0.09022951965570716,668760590.3333334,0.007905138339920873,76.53333333333335
2024-05,권원,57746815,17.4,13.8,-2.4,13.833333333333334,53708757,14.6,0.1740714575029581,46630273.666666664,-0.14814814814814806,13.833333333333334,0.19036217834626787,43446526.333333336,-0.13095238095238101,15.033333333333333
2024-05,해외원보험,432964788,21,46.8,7.9,51.23333333333333,241365889,50.2,0.21001946747088845,336523463,0.2030848329048843,51.23333333333333,0.25323800766914556,188303641.66666666,-0.15202702702702703,48.1
2024-06,합계,60454186548,4.3,82.2,-1.7,82.63333333333333,58870382453,83.8,0.04273607283118312,50008784878.666664,-0.02026221692491064,82.63333333333333,0.04316775865316106,48662404527.666664,-0.008284023668639087,84.26666666666667
2024-06,일반보험,7740365552,,58.96183786651734,,,,,0.08610260030028791,6354027585,-0.13275611004490154,60.27974987620828,,,,
2024-06,장기보험,33509264206,5.7,79.7,-1.2,80.3,32661347105,79.7,0.056744605427375944,27875664936.666668,-0.014833127317676177,80.3,0.05776140677520229,27166106298.333332,-0.011166253101736868,80.26666666666667
2024-06,자동차보험,10041452988,-1.2,80,2.2,79.93333333333334,9948893687,80,-0.012444368285156071,8372333514.333333,0.028277634961439625,79.93333333333334,-0.010218714945404229,8294285053,0.028277634961439625,80
2024-06,화재,164565708,8,39.1,-20.8,38,118682137,46.6,0.07955604705635758,135186457.66666666,-0.347245409015025,38,0.04063277786218664,95490836.66666667,-0.37866666666666665,47.73333333333333
2024-06,해상,524631118,10.9,59.9,20.6,65.26666666666667,231362223,68.8,0.1086236231538552,439377246,0.5241730279898219,65.26666666666667,0.13486287271598718,189722475,0.21985815602836878,72.16666666666667
2024-06,보증,1030829559,3.4,78.8,14.1,80.66666666666667,965510564,79.9,0.03376643568793477,876488197.3333334,0.2179289026275115,80.66666666666667,0.0332720313104091,823884371.6666666,0.19610778443113785,81.63333333333334
2024-06,기술,243131209,12.6,24.9,-54.8,24.46666666666667,170732223,31.8,0.1257896602153756,188989578,-0.6879699248120301,24.46666666666667,0.3294072039212462,132534199,-0.5122699386503068,33.63333333333333
2024-06,책임,932533099,8.9,56.4,11.4,58.1,704853191,61.4,0.08931143078087592,753681518,0.2533333333333333,58.1,0.05687868782698606,579139115.3333334,0.10035842293906813,65.16666666666667
2024-06,상해,1315219982,15.9,88,-5.8,89,1206178419,88.9,0.15862247226533874,1154668077.6666667,-0.06183368869936031,89,0.21098467306019983,1055810966.6666666,-0.05324813631522896,89.86666666666667
2024-06,종합,1375987731,3.3,23.9,-36.9,19.533333333333335,632743105,49.3,0.0332581847316409,1033928987.3333334,-0.6069078947368421,19.533333333333335,0.20186714427022623,449433762,-0.35386631716906947,45.5
2024-06,기타특종,1536874038,5.7,66.5,-19.5,65.5,1061619749,75.9,0.05685909550103774,1273285989,-0.22674418604651161,65.5,0.07530192401553329,853227268,0.012000000000000077,76.7
2024-06,권원,67942514,13.3,15.4,2,14.866666666666667,63091177,16.4,0.13254605903057046,57444117,0.14925373134328357,14.866666666666667,0.14674945671281503,53419186,0.16312056737588645,15.799999999999999
2024-06,해외원보험,548650594,21.7,48.8,-2.6,48.29999999999999,314623101,50.8,0.21697284559773275,440977417,-0.052427184466019475,48.29999999999999,0.2765113367732152,246700815.66666666,-0.2648335745296671,49.633333333333326
2024-07,합계,70079550834,3.8,82.6,-1.6,82.46666666666667,68199670091,84.2,0.03802751441768181,60040556279,-0.0201660735468565,82.46666666666667,0.03833351018616173,58429721446.333336,-0.0059031877213695395,84.03333333333332
2024-07,일반보험,8923830756,,60.55432483094483,,,,,0.08873801863955937,7654220963.666667,-0.11673589291681206,60.314814693707206,,,,
2024-07,장기보험,39204616204,5.7,80.1,-0.7,80.06666666666668,38217383427,80,0.05669039138590491,33527839526.666668,-0.009888751545117569,80.06666666666668,0.05780320042591567,32679732220.666668,-0.007444168734491245,80.03333333333335
2024-07,자동차보험,11743033162,-1,80.4,2.4,80.13333333333334,11633150687,80.4,-0.01045510543993842,10060217870.333334,0.030769230769230844,80.13333333333334,-0.008310509097146814,9966636083.333334,0.030769230769230844,80.16666666666667
2024-07,화재,194463571,9.4,43,-17.1,39.166666666666664,138595945,50.9,0.09393199818063874,164786005.66666666,-0.28452579034941766,39.166666666666664,0.06611431355187014,117636538.66666667,-0.31860776439089694,47.5
2024-07,해상,616136594,11.4,56.5,17.2,61.06666666666666,266960650,67,0.11444181503728304,527777058,0.4376590330788805,61.06666666666666,0.13670808606926926,229665757,0.23161764705882357,69.66666666666667
2024-07,보증,1188422004,4.5,80.7,14.2,80.3,1115760607,81.1,0.04463466346811151,1032604157.6666666,0.21353383458646621,80.3,0.045074170768199966,970685985.3333334,0.18740849194729134,81.1
2024-07,기술,281090678,15,22.3,-53.3,23.833333333333332,189577215,28.4,0.14973811749707855,237826158,-0.705026455026455,23.833333333333332,0.3973000446828595,164531893.33333334,-0.5960170697012802,30.566666666666663
2024-07,책임,1082497817,9.5,55.6,9.5,56.699999999999996,818494640,61.4,0.09480817291797428,917199424.3333334,0.20607375271149675,56.699999999999996,0.06502500369134098,696606576,0.06968641114982578,63.03333333333333
2024-07,상해,1502773828,14.5,89.4,-3.7,88.90000000000002,1380532365,90.2,0.14471197636336097,1323340157,-0.03974221267454338,88.90000000000002,0.19347940691219956,1213920398.3333333,-0.032188841201716736,89.76666666666667
2024-07,종합,1590171283,3.7,30,-32.3,24.46666666666667,695504140,54.7,0.036635420586185116,1318417534,-0.5184590690208668,24.46666666666667,0.2138712421189486,583968942,-0.3022959183673469,49.666666666666664
2024-07,기타특종,1720750671,5.4,68.6,-17.6,68.5,1224366828,76,0.05445349923926334,1513994128.6666667,-0.205098493626883,68.5,0.07667188099572564,1035097448.3333334,0.01604278074866314,76.13333333333334
2024-07,권원,79380095,11.6,17.7,0.9,15.633333333333335,73692220,18.6,0.11639262387421755,68356474.66666667,0.053571428571428485,15.633333333333335,0.12882437670061483,63497384.666666664,0.10714285714285718,16.533333333333335
2024-07,해외원보험,668144215,22.5,49.9,-5.1,48.5,328293514,62.1,0.22546993836328974,549919865.6666666,-0.09272727272727276,48.5,0.1517044515456279,294760834.6666667,-0.11914893617021274,54.36666666666667
2024-08,합계,79091686622,6.6,82.8,-1.5,82.53333333333335,77113235460,84.2,0.06622580016880113,69875141334.66667,-0.016627078384798166,82.53333333333335,0.06685571687186427,68061096001.333336,-0.0011862396204032541,84.06666666666666
2024-08,일반보험,9876360081,,61.42389061801766,,,,,0.08554620796356574,8846852129.666666,-0.15757296714231345,60.31335110515994,,,,
2024-08,장기보험,44927962476,5.7,80.1,-1,79.96666666666667,43803998549,80,0.056691789204642844,39213947628.666664,-0.011111111111111181,79.96666666666667,0.057997635919372306,38227576360.333336,-0.00867410161090462,79.89999999999999
2024-08,자동차보험,13328313350,-1.4,80.9,2.4,80.43333333333334,13206191377,80.9,-0.013679255845012348,11704266500,0.030573248407643385,80.43333333333334,-0.01161426289871281,11596078583.666666,0.030573248407643385,80.43333333333334
2024-08,화재,221486225,9.3,48.7,-10.6,43.6,159865791,57.1,0.09279297190259467,193505168,-0.17736486486486486,43.6,0.05312530920354437,139047957.66666666,-0.20694444444444443,51.53333333333333
2024-08,해상,713170652,13,52.4,13.5,56.26666666666667,314811249,62.6,0.1297040665941508,617979454.6666666,0.34704370179948585,56.26666666666667,0.15225003936744128,271044707.3333333,0.18113207547169813,66.13333333333334
2024-08,보증,1331737433,3.2,82.4,16.6,80.63333333333334,1255493498,82.6,0.03150499254134493,1183662998.6666667,0.2522796352583588,80.63333333333334,0.030245385945624096,1112254889.6666667,0.2309985096870343,81.2
2024-08,기술,324339132,19.9,18.8,-61.2,22,221345320,26.9,0.19903841844864065,282853673,-0.7652933832709113,22,0.4322470416258485,193884919.33333334,-0.6666666666666667,29.03333333333333
2024-08,책임,1201245868,7.8,54.8,10.2,55.6,913658307,61.6,0.07842897259347356,1072092261.3333334,0.22869955156950664,55.6,0.051346319658879404,812335379.3333334,0.04230118443316413,61.46666666666667
2024-08,상해,1648548554,14.1,89.8,-3.3,89.06666666666666,1513805082,90.8,0.1412013587423679,1488847454.6666667,-0.0354457572502685,89.06666666666666,0.18718280899062145,1366838622,-0.028877005347593614,89.96666666666668
2024-08,종합,1727736179,3,31.5,-29,28.46666666666667,765069065,56.8,0.030005540529224557,1564631731,-0.4793388429752066,28.46666666666667,0.1693880097956828,697772103.3333334,-0.2736572890025576,53.6
2024-08,기타특종,1850564043,5,73.1,-17,69.39999999999999,1317914005,77.6,0.04955361429169297,1702729584,-0.18867924528301888,69.39999999999999,0.07580202729574523,1201300194,0.013054830287206267,76.5
2024-08,권원,91616338,11.1,17,0,16.7,84958688,17.8,0.11125878351938565,79646315.66666667,0,16.7,0.12186699509425182,73914028.33333333,0.05325443786982262,17.599999999999998
2024-08,해외원보험,765915657,23.3,49,-70.7,49.23333333333333,397949017,62,0.23330442150499311,660903488.6666666,-0.5903010033444815,49.23333333333333,0.28771912231540075,346955210.6666667,-0.3002257336343115,58.300000000000004
2024-09,합계,88115404855,6.3,82.6,-1.5,82.66666666666666,86016894592,83.9,0.06281242654925187,79095547437,-0.017835909631391204,82.66666666666666,0.061862452094507844,77109933381,-0.0023781212841853584,84.10000000000001
2024-09,일반보험,10949688517,,62.15793915916558,,,,,0.07887422085387866,9916626451.333334,-0.14339858051770216,61.37871820270936,,,,
2024-09,장기보험,50633265240,5.7,79.4,-1.3,79.86666666666666,49369354701,79.3,0.057274708772979036,44921947973.333336,-0.016109045848822764,79.86666666666666,0.05767883378358256,43796912225.666664,-0.0136815920398011,79.76666666666667
2024-09,자동차보험,14825059447,-1.5,81.6,2.6,80.96666666666667,14690500290,81.6,-0.015071614479586506,13298801986.333334,0.03291139240506322,80.96666666666667,-0.013021563842319893,13176614118,0.03291139240506322,80.96666666666667
2024-09,화재,247463221,8.7,48.3,-7.7,46.666666666666664,180040754,56.1,0.0871030485287669,221137672.33333334,-0.13595706618962436,46.666666666666664,0.056107171364115374,159500830,-0.16641901931649325,54.699999999999996
2024-09,해상,811894927,12.9,46.4,6.6,51.76666666666667,354057488,59.2,0.12915853753899262,713734057.6666666,0.16582914572864327,51.76666666666667,0.13613126333664508,311943129,0.09629629629629635,62.93333333333334
2024-09,보증,1460042844,1.9,79.6,12.9,80.9,1368869918,80.4,0.018846276826362498,1326734093.6666667,0.19340329835082445,80.9,0.016590694739111612,1246708007.6666667,0.1806167400881059,81.36666666666666
2024-09,기술,364918293,24.7,19.5,-55.7,20.2,249385386,28.3,0.24748076982066128,323449367.6666667,-0.7410358565737052,20.2,0.46386478112025487,220102640.33333334,-0.6185983827493262,27.866666666666664
2024-09,책임,1320854723,7.6,54.5,6.9,54.96666666666667,1009896670,61.1,0.07630605618266559,1201532802.6666667,0.14495798319327727,54.96666666666667,0.050152217980998705,914016539,0.02689075630252103,61.36666666666667
2024-09,상해,1785837306,13.4,89.6,-2.9,89.59999999999998,1637071953,90.7,0.13433373707245988,1645719896,-0.03135135135135141,89.59999999999998,0.17861086746304314,1510469800,-0.02682403433476395,90.56666666666666
2024-09,종합,2010073908,1.4,31.4,-27.5,30.96666666666667,909894211,55.3,0.013690453320841844,1775993790,-0.46779661016949153,30.96666666666667,0.12005624306069873,790155805.3333334,-0.2656042496679947,55.6
2024-09,기타특종,1979232213,4.8,86,-1.2,75.89999999999999,1506207635,82.3,0.04794866846776489,1850182309,-0.013761467889908289,75.89999999999999,0.05767431220642015,1349496156,0.07022106631989586,78.63333333333333
2024-09,권원,101981897,9.8,16.1,0,16.933333333333334,94665951,17,0.09769915536322893,90992776.66666667,0,16.933333333333334,0.10801927050471681,84438953,0.030303030303030304,17.8
2024-09,해외원보험,867389185,22,46.9,-80.1,48.6,458614094,60.9,0.22013978871627746,767149685.6666666,-0.6307086614173227,48.6,0.28555005775701353,394952208.3333333,-0.36363636363636365,61.666666666666664
2024-10,합계,97152430825,5.7,82.6,-1.4,82.66666666666666,94847708256,84.1,0.05726804763620992,88119840767.33333,-0.015494636471990599,82.66666666666666,0.057574148501426475,85992612769.33333,0.0011904761904761227,84.06666666666668
2024-10,일반보험,12003272040,,61.31853064279962,,,,,0.07640357296613234,10943106879.333334,-0.1532670271779188,61.63345347332762,,,,
2024-10,장기보험,56398557196,5.7,79.5,-1,79.66666666666667,54997161146,79.4,0.05712941027021037,50653261637.333336,-0.012422360248447204,79.66666666666667,0.05769929030369523,49390171465.333336,-0.011207970112079595,79.56666666666668
2024-10,자동차보험,16476680565,-1.4,81.9,2.6,81.46666666666667,16325005282,81.9,-0.013953849805817112,14876684454,0.032786885245901745,81.46666666666667,-0.011675268252697952,14740565649.666666,0.032786885245901745,81.46666666666667
2024-10,화재,277735283,8.7,47.5,-8.2,48.166666666666664,199449663,54.1,0.08677527954564149,248894909.66666666,-0.1472172351885099,48.166666666666664,0.05761903384468818,179785402.66666666,-0.1840120663650075,55.76666666666667
2024-10,해상,901086904,12.7,46.9,6.7,48.56666666666666,385829737,60.5,0.12703640010631845,808717494.3333334,0.16666666666666655,48.56666666666666,0.12413249146513995,351566158,0.11009174311926606,60.76666666666667
2024-10,보증,1604977309,2.2,79.2,11.6,80.39999999999999,1503926630,79.9,0.02158206515366225,1465585862,0.1715976331360948,80.39999999999999,0.018306368469310684,1376096682,0.15965166908563133,80.96666666666667
2024-10,기술,394976598,23,22.4,-47.3,20.23333333333333,264667280,38.1,0.2298706907713019,361411341,-0.678622668579627,20.23333333333333,0.462079288258211,245132662,-0.45415472779369626,31.100000000000005
2024-10,책임,1459028713,7.1,56.4,9,55.23333333333333,1103601833,62.1,0.07055552830180757,1327043101.3333333,0.189873417721519,55.23333333333333,0.05178229173917255,1009052270,0.059726962457337884,61.6
2024-10,상해,1910660563,13,90.3,-2.2,89.89999999999999,1750626960,91.4,0.1300146278376881,1781682141,-0.023783783783783815,89.89999999999999,0.1724095090483543,1633834665,-0.018259935553168516,90.96666666666665
2024-10,종합,2224335055,1.5,25.6,-28.8,29.5,982414123,49.1,0.01502054964857125,1987381714,-0.5294117647058824,29.5,0.13159259098789647,885792466.3333334,-0.3142458100558658,53.73333333333333
2024-10,기타특종,2118733923,4.8,86.6,-3.6,81.89999999999999,1633125384,84.1,0.04755534962550053,1982843393,-0.039911308203991226,81.89999999999999,0.0586198550890244,1485749008,0.09220779220779213,81.33333333333333
2024-10,권원,112641169,9.8,16.9,-0.6,16.666666666666668,104602046,17.7,0.09790590268206155,102079801.33333333,-0.03977272727272743,16.666666666666668,0.10927150972982291,94742228.33333333,0.0056818181818180605,17.5
2024-10,해외원보험,999096523,19.8,47.5,-82.2,47.800000000000004,511115178,61.6,0.1983759434189273,877467121.6666666,-0.6337702390131071,47.800000000000004,0.3025651338215449,455892763,-0.37334689725330616,61.5
2024-11,합계,107060628564,5.1,80.6,-4.3,81.93333333333332,104446543017,84.4,0.05078189174727411,97442821414.66667,-0.0506478209658423,81.93333333333332,0.04253547727678348,95103715288.33333,-0.0011834319526626547,84.13333333333334
2024-11,일반보험,13190040031,,62.024804038678504,,,,,0.07744398454688521,12047666862.666666,-0.2066737678831353,61.833757946881235,,,,
2024-11,장기보험,62168494911,5.8,79.5,-1.1,79.46666666666667,60623467431,79.4,0.05761782692050779,56400105782.333336,-0.013647642679900675,79.46666666666667,0.05790510521272908,54996661092.666664,-0.01243781094527363,79.36666666666666
2024-11,자동차보험,18049312661,-1.8,82.9,2.9,82.13333333333334,17886166390,82.9,-0.018322404055656834,16450350891,0.036250000000000074,82.13333333333334,-0.016250782965736194,16300557320.666666,0.036250000000000074,82.13333333333334
2024-11,화재,312389685,8.4,53.8,-1.5,49.86666666666667,224348298,56.6,0.08412041634222234,279196063,-0.025362318840579812,49.86666666666667,0.04244311824270385,201279571.66666666,-0.14372163388804832,55.6
2024-11,해상,981409543,10.9,47,9,46.76666666666667,422435177,59.4,0.10883989788698444,898130458,0.23684210526315788,46.76666666666667,0.10949269666334516,387440800.6666667,0.11864406779661012,59.699999999999996
2024-11,보증,1747773306,1.3,80.8,12.5,79.86666666666667,1644880294,81.6,0.012920639323405878,1604264486.3333333,0.18301610541727673,79.86666666666667,0.01143910191976479,1505892280.6666667,0.1724137931034483,80.63333333333334
2024-11,기술,426394480,8.4,22.9,-40.7,21.599999999999998,289393064,30.5,0.0840386082195922,395429790.3333333,-0.639937106918239,21.599999999999998,0.3197256236525673,267815243.33333334,-0.5278637770897833,32.300000000000004
2024-11,책임,1575774030,7.2,55.9,9.6,55.6,1189085529,61.7,0.07198680877471297,1451885822,0.2073434125269979,55.6,0.05268125893758047,1100861344,0.04931972789115656,61.63333333333333
2024-11,상해,2031637861,12.8,90.5,-2.8,90.13333333333333,1862782199,91.7,0.1281229822461628,1909378576.6666667,-0.030010718113611976,90.13333333333333,0.1694923840051629,1750160370.6666667,-0.02550478214665241,91.26666666666667
2024-11,종합,2415411531,2.3,27.2,-27.2,28.066666666666666,1098650889,51.2,0.02325411094856494,2216606831.3333335,-0.5,28.066666666666666,0.15388468937623118,996986407.6666666,-0.2737588652482269,51.866666666666674
2024-11,기타특종,2423655434,5.7,85.3,-35.8,85.96666666666665,1762812986,83.5,0.05661224698192793,2173873856.6666665,-0.29562345169281584,85.96666666666665,-0.26120070985633037,1634048668.3333333,-0.008313539192399083,83.3
2024-11,권원,120722993,6.3,19,0.8,17.333333333333332,112205784,19.5,0.0632451167966325,111782019.66666667,0.043956043956043994,17.333333333333332,0.07335788606996675,103824593.66666667,0.08333333333333333,18.066666666666666
2024-11,해외원보험,1154871168,26.7,49.8,-82.3,48.06666666666666,576360935,61.8,0.26740509139574736,1007118958.6666666,-0.6230128690386071,48.06666666666666,0.311254166665112,515363402.3333333,-0.47224594363791633,61.43333333333334
2024-12,합계,126082989963,5.6,84.9,-1.2,82.7,123625637073,86,0.055661286657186476,110098683117.33333,-0.012790697674418539,82.7,0.050702193733355376,107639962782,0.0011641443538998174,84.83333333333333
2024-12,일반보험,14405584520,,66.6982196327081,,,,,0.07372704419800509,13199632197,-0.1223662633531423,63.347184771395405,,,,
2024-12,장기보험,67991599591,5.8,79.8,-1,79.60000000000001,66281836235,79.6,0.058015301959711586,62186217232.666664,-0.012376237623762377,79.60000000000001,0.05786130837837178,60634154937.333336,-0.011180124223602554,79.46666666666667
2024-12,자동차보험,19705344261,-1.9,83.6,3.1,82.8,19534400279,83.7,-0.018736544772610293,18077112495.666668,0.03722084367245658,82.8,-0.016741352325206724,17915190650.333332,0.03846153846153857,82.83333333333333
2024-12,화재,354175009,8.4,52.3,-5.2,51.199999999999996,254861909,55.3,0.0841113580058329,314766659,-0.0904347826086957,51.199999999999996,0.05109947001987019,226219956.66666666,-0.21000000000000005,55.333333333333336
2024-12,해상,1043385878,9.6,51.5,10.1,48.46666666666667,453754956,62.6,0.09607177842419809,975294108.3333334,0.2439613526570049,48.46666666666667,0.11135191541118908,420673290,0.10405643738977069,60.833333333333336
2024-12,보증,1936960255,1.4,79.7,14.1,79.89999999999999,1815281028,80.7,0.013799212567093497,1763236956.6666667,0.21493902439024404,79.89999999999999,0.01198738653052977,1654695984,0.20268256333830117,80.73333333333333
2024-12,기술,461129383,5.5,24.5,-36.2,23.266666666666666,311832460,33.7,0.05465514903239715,427500153.6666667,-0.5970394736842105,23.266666666666666,0.28792974388139486,288630934.6666667,-0.47425897035881426,34.1
2024-12,책임,1743946548,6.8,61.8,17.6,58.03333333333333,1315269094,65.5,0.06759483512910767,1592916430.3333333,0.39819004524886864,58.03333333333333,0.05776008657594581,1202652152,0.10829103214890014,63.1
2024-12,상해,2312116068,13,93.6,0.2,91.46666666666665,2112980021,94.2,0.13036768827272593,2084804830.6666667,0.0032154340836012558,91.46666666666665,0.1726405201449656,1908796393.3333333,0,92.43333333333334
2024-12,종합,2624725948,2.3,30,-24.2,27.599999999999998,1188529154,55.8,0.023305223444942937,2421490844.6666665,-0.4475138121546961,27.599999999999998,0.12901466663128763,1089864722,-0.23351648351648352,52.03333333333334
2024-12,기타특종,2513112893,4.4,100.4,-14,90.76666666666665,2188323854,88.1,0.04429666655179088,2351834083.3333335,-0.12160979877515303,90.76666666666665,-0.16518916945973708,1861420741.3333333,0.04880952380952374,85.23333333333333
2024-12,권원,128739794,4.4,19.5,1.4,18.466666666666665,119739258,19.9,0.04434903326497922,120701318.66666667,0.07142857142857147,18.466666666666665,0.05402100634454333,112182362.66666667,0.09944751381215453,19.033333333333335
2024-12,해외원보험,1287292744,26.7,50.6,-77.3,49.300000000000004,660667027,66.2,0.2667001653496327,1147086811.6666667,-0.6040688575899843,49.300000000000004,0.3490134464495874,582714380,-0.44970906068162925,63.20000000000001
2025-01,합계,11608794146,13.5,86.6,-2.7,84.03333333333333,11232944657,86.9,0.1350762421654962,81584137557.66667,-0.03131991051454151,84.03333333333333,0.14211804672657025,79768374915.66667,-0.03977900552486181,85.76666666666667
2025-01,일반보험,1325552869,,72.92546944213962,,,,,-0.002335868713618304,9640392473.333334,-0.03166451025586525,67.21616437117541,,,,
2025-01,장기보험,5810383774,5,80.5,-7.8,79.93333333333334,5655152131,80.4,0.049998613406674317,45323492758.666664,-0.08833522083805206,79.93333333333334,0.04946093950630355,44186818599,-0.08946772366930908,79.8
2025-01,자동차보험,1572625074,-6.5,82.4,0.1,82.96666666666667,1555846516,82.5,-0.06512498068529426,13109093998.666666,0.0012150668286756807,82.96666666666667,-0.061784955186079286,12992137728.333334,0,83.03333333333335
2025-01,화재,27041398,2.9,58.4,7.9,54.833333333333336,14466371,57.5,0.029169862516637036,231202030.66666666,0.15415019762845844,54.833333333333336,0.14076124974578771,164558859.33333334,-0.23128342245989303,56.46666666666667
2025-01,해상,78417182,-8,62.7,-33.8,53.73333333333333,32399172,33.2,-0.08049985411410136,701070867.6666666,-0.35025906735751294,53.73333333333333,0.15304587520927518,302863101.6666667,-0.6584362139917695,51.73333333333333
2025-01,보증,176821414,-9.4,74,-9.9,78.16666666666667,168250645,75.7,-0.09397419517516167,1287184991.6666667,-0.1179976162097736,78.16666666666667,-0.08557689194652204,1209470655.6666667,-0.13485714285714281,79.33333333333333
2025-01,기술,28224443,-7.4,41.6,19,29.666666666666668,15463835,48,-0.07416162573669569,305249435.3333333,0.8407079646017699,29.666666666666668,0.00352965340412974,205563119.66666666,0.4860681114551085,37.4
2025-01,책임,147131832,0.8,44.8,-24.3,54.166666666666664,112463238,52.2,0.007720862070936405,1155617470,-0.3516642547033285,54.166666666666664,0.13746376752228867,872272620.3333334,-0.18181818181818174,59.800000000000004
2025-01,상해,431897873,7.7,94.7,-1,92.93333333333334,395676835,92.2,0.07743249620166379,1591883934,-0.01044932079414838,92.93333333333334,0.07355088104685158,1457146351.6666667,-0.005393743257820927,92.7
2025-01,종합,160560362,-8.3,30.2,-8,29.133333333333336,32043623,35.1,-0.08292773472563354,1733565947,-0.2094240837696336,29.133333333333336,0.03910878024821774,773074555.3333334,-0.37765957446808507,47.36666666666667
2025-01,기타특종,172175514,-6.8,69.2,-5.5,84.96666666666665,101380752,77.1,-0.06808939389196841,1702981280.3333333,-0.07362784471218206,84.96666666666665,-0.11267158076201533,1350839197.3333333,0.05471956224350206,82.89999999999999
2025-01,권원,8276552,-23.2,22.8,29.6,20.433333333333334,7712855,21,-0.2318649003955038,85913113,-4.352941176470589,20.433333333333334,-0.23179255359625053,79885965.66666667,-17.153846153846153,20.133333333333333
2025-01,해외원보험,95006299,28.4,120.7,58.9,73.7,37691643,168,0.2842209207723912,845723403.6666666,0.9530744336569581,73.7,0.023158338265669928,424906535,0.92,98.66666666666667
2025-02,합계,21443399521,5.3,86.6,0.2,86.03333333333335,20563739741,86.8,0.05277149964622278,53045061210,0.0023148148148146833,86.03333333333335,0.04921174111829318,51807440490.333336,-0.014755959137343896,86.56666666666666
2025-02,일반보험,2791723818,,75.89513928304352,,,,,0.04397648914701275,6174287069,0.13987641600557266,71.83960945263043,,,,
2025-02,장기보험,11755181421,6.4,80,-3.9,80.10000000000001,11347999764,80.7,0.06432032740749857,28519054928.666668,-0.04648390941597146,80.10000000000001,0.05474875536972087,27761662710,-0.03814064362336118,80.23333333333333
2025-02,자동차보험,3140260009,-3.9,85.3,4.3,83.76666666666667,3109836903,85.5,-0.038599544536282955,8139409781.333333,0.05308641975308639,83.76666666666667,-0.0380021791141995,8066694566,0.05425400739827381,83.89999999999999
2025-02,화재,54442709,7.3,46.3,4.5,52.333333333333336,40077914,55.3,0.0729940827833264,145219705.33333334,0.1076555023923445,52.333333333333336,0.22876786033308516,103135398,-0.07214765100671149,56.03333333333333
2025-02,해상,174809049,5.3,178.5,105.5,97.56666666666666,72275725,48.6,0.05263658989991112,432204036.3333333,1.4452054794520548,97.56666666666666,0.11022332538373787,186143284.33333334,-0.3894472361809045,48.13333333333333
2025-02,보증,345381179,-8.2,74.8,-5.4,76.16666666666667,331674346,76.4,-0.08186773357500331,819720949.3333334,-0.06733167082294271,76.16666666666667,-0.07656820076876562,771735339.6666666,-0.055624227441285534,77.60000000000001
2025-02,기술,53363767,-7.9,42.4,23.3,36.166666666666664,34218783,53.2,-0.07886167146426869,180905864.33333334,1.2198952879581149,36.166666666666664,-0.06383230128709853,120505026,0.8033898305084747,44.96666666666667
2025-02,책임,296193021,2.6,44.7,-21.2,50.43333333333334,222424165,58.4,0.02629528177692697,729090467,-0.3216995447647952,50.43333333333334,0.07124058631007812,550052165.6666666,-0.14494875549048314,58.699999999999996
2025-02,상해,692585721,13,97.9,6.1,95.40000000000002,628221397,97.4,0.13036464395880595,1145533220.6666667,0.06644880174291949,95.40000000000002,0.12527033085423037,1045626084.3333334,0.06798245614035091,94.60000000000001
2025-02,종합,298307362,-4.3,42.4,29.2,34.199999999999996,109768419,58.5,-0.04339666165859926,1027864557.3333334,2.2121212121212124,34.199999999999996,0.008033047209878708,443447065.3333333,0.23678646934460895,49.800000000000004
2025-02,기타특종,658872812,3.2,62.3,-8.5,77.30000000000001,281489313,62,0.03245689357299651,1114720406.3333333,-0.1212976022566997,77.30000000000001,-0.009194429916770861,857064639.6666666,-0.10662824207492802,75.73333333333333
2025-02,권원,19199913,-20.4,15.9,11.3,19.4,17958306,14.1,-0.2040845158293591,52072086.333333336,2.382978723404255,19.4,-0.2033253568150344,48470139.666666664,0.8552631578947368,18.333333333333332
2025-02,해외원보험,198568285,34.4,75.6,23,82.3,103099109,108.2,0.34376197592441193,526955776,0.4345351043643262,82.3,0.23305794243165098,267152593,0.3801020408163265,114.13333333333333
2025-03,합계,31421680756,2.9,86.7,3,86.63333333333333,30474080796,86.5,0.029013445923174865,21491291474.333332,0.037081339712918764,86.63333333333333,0.025164839001173913,20756921731.333332,0.011695906432748537,86.73333333333333
2025-03,일반보험,4030782122,,78.0116460828641,,,,,0.046542562494249026,2716019603,0.307046890857364,75.61075160268241,,,,
2025-03,장기보험,17725161130,6.5,80.4,-0.9,80.3,17185235811,80.4,0.0648457068354807,11763575441.666666,-0.011070110701106906,80.3,0.059670984528600195,11396129235.333334,-0.011070110701106906,80.50000000000001
2025-03,자동차보험,4861119821,-3.1,82.9,3.3,83.53333333333333,4821412764,82.8,-0.03060559125187194,3191334968,0.04145728643216095,83.53333333333333,-0.02950332535405039,3162365394.3333335,0.04020100502512566,83.60000000000001
2025-03,화재,83137211,6.6,70.9,35.9,58.53333333333333,61923376,71.7,0.06584693527124157,54873772.666666664,1.0257142857142858,58.53333333333333,0.15262400316582045,38822553.666666664,0.3376865671641791,61.5
2025-03,해상,275748630,9.3,206.9,132.3,149.36666666666667,121867628,53.8,0.09303690569549024,176324953.66666666,1.7734584450402147,149.36666666666667,0.05696237844078111,75514175,-0.2911725955204217,45.20000000000001
2025-03,보증,507398033,-7,75.5,-5.4,74.76666666666667,466453010,78.1,-0.0696065228060193,343200208.6666667,-0.06674907292954271,74.76666666666667,-0.08383997798071864,322126000.3333333,-0.05218446601941761,76.73333333333333
2025-03,기술,90520569,-13.3,46.9,17.6,43.63333333333333,59878843,68.8,-0.13315947537976752,57369593,0.5952380952380952,43.63333333333333,-0.24145307715166664,36520487,0.7114427860696515,56.666666666666664
2025-03,책임,512906453,7.6,42.3,-15.9,43.93333333333334,402860032,55.9,0.07560462086094635,318743768.6666667,-0.27194492254733227,43.93333333333334,0.08956707746248746,245915811.66666666,-0.20370370370370375,55.5
2025-03,상해,905316455,12.4,93.7,3.1,95.43333333333334,813154525,94.7,0.12356687991209427,676600016.3333334,0.03421633554083895,95.43333333333334,0.10736279210282904,612350919,0.03723986856516983,94.76666666666667
2025-03,종합,512082166,-2.4,40.7,28.3,37.766666666666666,234862084,53.4,-0.02379444647725483,323649963.3333333,2.3089430894308944,37.766666666666666,0.059787188173721036,125558042,0.1710526315789473,49
2025-03,기타특종,803730469,1.3,77.2,26.8,69.56666666666666,501859700,78.3,0.012893402234526759,544926265,0.5317460317460319,69.56666666666666,-0.012514303951167451,294909921.6666667,0.038461538461538346,72.46666666666665
2025-03,권원,29908883,-15.8,18.7,6.4,19.133333333333336,27836510,17.4,-0.1575196056537475,19128449.333333332,0.5203252032520324,19.133333333333336,-0.1608734858785698,17835890.333333332,0.23404255319148928,17.5
2025-03,해외원보험,310033253,31.8,61.2,3.6,85.83333333333333,172356608,90.1,0.3176714854326301,201202612.33333334,0.06250000000000003,85.83333333333333,0.23613753237349483,104382453.33333333,0.95021645021645,122.09999999999998
2025-04,합계,41353051263,3.4,87.9,4.9,87.06666666666668,40119624192,87.1,0.03423385677120275,31406043846.666668,0.0577617328519857,87.06666666666668,0.03141327763914774,30385814909.666668,0.025912838633686555,86.8
2025-04,일반보험,5278161470,,86.64823689546958,,,,,0.05074619390580994,4033555803.3333335,0.43340750070347267,80.18500742045907,,,,
2025-04,장기보험,23693783568,6.5,81.4,0.7,80.60000000000001,23010200514,81.2,0.06498045341589216,17724708706.333332,0.007425742574257531,80.60000000000001,0.06152720714857138,17181145363,0.006195786864931846,80.76666666666667
2025-04,자동차보험,6499791667,-2.7,83.6,3.8,83.93333333333332,6447498688,83.6,-0.026886990180619,4833723832.333333,0.04761904761904758,83.93333333333332,-0.025483134967950374,4792916118.333333,0.046307884856069945,83.96666666666667
2025-04,화재,112152883,6.1,78.4,38.9,65.2,82600032,74.1,0.06140122540377092,83244267.66666667,0.9848101265822786,65.2,0.14469735301589318,61533774,0.4360465116279068,67.03333333333333
2025-04,해상,382702137,9.1,160.6,91.5,182,157318956,55.5,0.09051472115699985,277753272,1.324167872648336,182,0.06924554017933593,117154103,-0.2550335570469799,52.63333333333333
2025-04,보증,702995088,-2.4,77.9,-3.9,76.06666666666668,652886760,78.6,-0.02371844016397184,518591433.3333333,-0.04767726161369183,76.06666666666668,-0.0332698810481467,483671372,-0.04957678355501824,77.7
2025-04,기술,125824807,-6.5,63.7,39.5,51,75962803,80.7,-0.06506219328029947,89903047.66666667,1.6322314049586777,51,-0.18829398342872913,56686809.666666664,1.1462765957446808,67.56666666666666
2025-04,책임,638495022,7.9,44,-15.9,43.666666666666664,506836934,55.5,0.07864074353859002,482531498.6666667,-0.26421404682274247,43.666666666666664,0.08741762022573651,377373710.3333333,-0.1814159292035398,56.6
2025-04,상해,1091413324,9.5,93.7,4.1,95.10000000000001,981114724,95.1,0.09496364507241926,896438500,0.04459308807134894,95.10000000000001,0.0826642215367671,807496882,0.05082872928176789,95.73333333333335
2025-04,종합,720049822,-2.3,45.1,29.9,42.73333333333333,295514903,59.8,-0.022608515569630297,510146450,1.967105263157895,42.73333333333333,0.012388901488393573,213381802,0.4170616113744074,57.23333333333333
2025-04,기타특종,1021334843,2.3,132.1,72.5,90.53333333333335,696440423,80.5,0.022739829795702188,827979374.6666666,1.2164429530201342,90.53333333333335,0.026053734364894363,493263145.3333333,0.036036036036036,73.60000000000001
2025-04,권원,40819185,-12.5,19.9,4.5,18.166666666666668,38028225,18.6,-0.12485977002090473,29975993.666666668,0.2922077922077921,18.166666666666668,-0.12493547737446484,27941013.666666668,0.1341463414634148,16.7
2025-04,해외원보험,442374359,29.6,58.2,8.9,65,229381659,80.5,0.2960811468125825,316991965.6666667,0.18052738336714008,65,0.24587122928227892,168279125.33333334,0.6805845511482255,92.93333333333334
2025-05,합계,51252774877,3.4,88.1,5.5,87.56666666666668,49698413981,86.4,0.03357356060538259,41342502298.666664,0.06658595641646489,87.56666666666668,0.03067875228165015,40097372989.666664,0.027348394768133312,86.66666666666667
2025-05,일반보험,6554887404,,89.03430906533389,,,,,0.040711626809626596,5287943665.333333,0.44940257255867044,84.56473068122251,,,,
2025-05,장기보험,29678056533,6.5,80.9,0.5,80.9,28851308304,80.7,0.06488847655534524,23699000410.333332,0.006218905472636815,80.9,0.062253798072058344,23015581543,0.003731343283582054,80.76666666666667
2025-05,자동차보험,8119118671,-3.3,83.3,3.3,83.26666666666667,8057144571,83.3,-0.032997053868551944,6493343386.333333,0.04124999999999997,83.26666666666667,-0.031344502493274515,6442018674.333333,0.03995006242197257,83.23333333333333
2025-05,화재,139710603,3.2,68,32.6,72.43333333333334,106330970,64.1,0.03237941227235859,111666899,0.92090395480226,72.43333333333334,0.11188188197420319,83618126,0.4244444444444443,69.96666666666667
2025-05,해상,491026784,11,131.5,64.7,166.33333333333334,202981360,52.2,0.10950592663250633,383159183.6666667,0.9685628742514971,166.33333333333334,0.06454438628934336,160722648,-0.28688524590163933,53.833333333333336
2025-05,보증,854872488,-2.7,75.8,-5.6,76.39999999999999,800989317,76.7,-0.026962754352455768,688421869.6666666,-0.0687960687960689,76.39999999999999,-0.0358665647287589,640109695.6666666,-0.06804374240583226,77.8
2025-05,기술,157855667,-16.6,68.8,44.6,59.79999999999999,100521469,79.7,-0.1659171841664882,124733681,1.831275720164609,59.79999999999999,-0.245822618361466,78787705,1.5301587301587303,76.39999999999999
2025-05,책임,790757615,7.4,43,-15.2,43.1,612042764,54.5,0.07357135431675124,647386363.3333334,-0.2598967297762479,43.1,0.08044682753255807,507246576.6666667,-0.17797888386123678,55.300000000000004
2025-05,상해,1251756867,8.7,91.6,2.3,93,1133457021,93.1,0.08656935588055804,1082828882,0.02575587905935047,93,0.0743155105979102,975908756.6666666,0.03215077605321498,94.3
2025-05,종합,952484117,-3.7,86.7,67.2,57.5,376989062,77.1,-0.03701315168165866,728205368.3333334,3.4461538461538463,57.5,-0.11016042382386249,302455349.6666667,0.7133333333333332,63.43333333333333
2025-05,기타특종,1308323214,1.9,129.9,59.6,113.06666666666668,839348920,74.7,0.018659550551353148,1044462842,0.8451704545454545,113.06666666666668,0.024463579755977013,679216347.6666666,-0.023529411764705844,77.83333333333333
2025-05,권원,51351799,-11.1,18.5,4.8,19.03333333333333,47844174,17.5,-0.11074231539869342,40693289,0.3405797101449275,19.03333333333333,-0.10919230545588683,37902969.666666664,0.1986301369863014,17.833333333333332
2025-05,해외원보험,556748250,28.6,57,10.2,58.800000000000004,289887808,73.2,0.2858972956479777,436385287.3333333,0.21794871794871803,58.800000000000004,0.20103055655888474,230542025,0.4581673306772908,81.26666666666667
2025-06,합계,63780044138,5.5,85.3,3.1,87.10000000000001,61988923833,86.6,0.0550145123094048,52128623426,0.03771289537712888,87.10000000000001,0.05297301036713548,50602320668.666664,0.033412887828162256,86.7
2025-06,일반보험,8061964632,,84.74850334101541,,,,,0.04154830645135402,6631671168.666667,0.43734500835737244,86.81034976727295,,,,
2025-06,장기보험,35692693707,6.5,80.6,0.9,80.96666666666667,34721805719,80.4,0.06515898073969187,29688177936,0.011292346298619717,80.96666666666667,0.06308553677764786,28861104845.666668,0.008782936010037677,80.76666666666667
2025-06,자동차보험,9746153116,-2.9,83.2,3.1,83.36666666666666,9676026374,83.2,-0.02940808191333435,8121687818,0.040000000000000036,83.36666666666666,-0.027426900073980055,8060223211,0.040000000000000036,83.36666666666666
2025-06,화재,167828317,2,65.3,26.2,70.56666666666666,130205930,64.8,0.01982557022147044,139897267.66666666,0.6700767263427109,70.56666666666666,0.09709795670430167,106378977.33333333,0.390557939914163,67.66666666666667
2025-06,해상,577821382,10.1,115.7,55.7,135.93333333333334,244014805,52.6,0.10138602567604463,483850101,0.9315525876460768,135.93333333333334,0.054687328968134954,201438373.66666666,-0.2354651162790697,53.43333333333334
2025-06,보증,1018681220,-1.2,73.9,-4.9,75.86666666666666,942076083,75.5,-0.011785012268939021,858849598.6666666,-0.062182741116751164,75.86666666666666,-0.024271594608880943,798650720,-0.055068836045056385,76.93333333333334
2025-06,기술,222833804,-8.3,62.8,37.8,65.10000000000001,137782607,72.8,-0.08348333841419758,168838092.66666666,1.5220883534136547,65.10000000000001,-0.19299002508741422,104755626.33333333,1.2893081761006289,77.73333333333333
2025-06,책임,991382597,6.3,59.3,2.9,48.76666666666667,749377566,57.5,0.06310714125118684,806878411.3333334,0.051418439716312034,48.76666666666667,0.06316829599200892,622752421.3333334,-0.06351791530944623,55.833333333333336
2025-06,상해,1432216621,8.9,90.9,2.9,92.06666666666668,1298968974,92.1,0.08895594699077496,1258462270.6666667,0.03295454545454552,92.06666666666668,0.07692937756002083,1137846906.3333333,0.03599550056242957,93.43333333333332
2025-06,종합,1315076459,-4.4,76.3,52.4,69.36666666666667,562909918,69.5,-0.044267307496799184,995870132.6666666,2.192468619246862,69.36666666666667,-0.11036578107002841,411804627.6666667,0.4097363083164301,68.8
2025-06,기타특종,1581409749,2.9,119.7,53.2,127.23333333333333,1100712185,78.3,0.028978113950025617,1303689268.6666667,0.8,127.23333333333333,0.03682338806980879,878833842.6666666,0.03162055335968368,77.83333333333333
2025-06,권원,61718353,-9.2,16.5,1.1,18.3,57468946,15.6,-0.09160922423329816,51296445.666666664,0.07142857142857141,18.3,-0.08911279306138163,47780448.333333336,-0.04878048780487799,17.233333333333334
2025-06,해외원보험,692996130,26.3,52.7,3.9,55.96666666666667,369463833,75.2,0.26309191601823,564039579.6666666,0.07991803278688536,55.96666666666667,0.17430612000737988,296244433.3333333,0.4803149606299214,76.3
2025-07,합계,73818728939,5.3,86.8,4.2,86.73333333333333,71094348321,86.8,0.053356193932480075,62950515984.666664,0.05084745762711868,86.73333333333333,0.042444167635086516,60927228711.666664,0.030878859857482118,86.60000000000001
2025-07,일반보험,9303330035,,77.88334768952437,,,,,0.04252649891918232,7973394023.666667,0.2861731661109028,83.8887200319579,,,,
2025-07,장기보험,41744601693,6.5,79.7,-0.4,80.39999999999999,40009320518,80.7,0.06478791874363123,35705117311,-0.004993757802746461,80.39999999999999,0.04688801090798968,34527478180.333336,0.008750000000000036,80.60000000000001
2025-07,자동차보험,11419983479,-2.8,84.5,4.1,83.66666666666667,11338723048,84.5,-0.027509901278774913,9761751755.333334,0.05099502487562182,83.66666666666667,-0.02530936346668506,9690631331,0.05099502487562182,83.66666666666667
2025-07,화재,196244500,0.9,65.5,22.5,66.26666666666667,150512059,67,0.009158162584600485,167927806.66666666,0.5232558139534884,66.26666666666667,0.08597736391205385,129016319.66666667,0.3163064833005894,65.3
2025-07,해상,657999607,6.8,106.5,50,117.89999999999999,276843974,54.5,0.0679443704653582,575615924.3333334,0.8849557522123894,117.89999999999999,0.03702165094368777,241280046.33333334,-0.1865671641791045,53.1
2025-07,보증,1164535908,-2,70.6,-10.2,73.43333333333332,1080300122,71.9,-0.02009900180205684,1012696538.6666666,-0.12515489467162338,73.43333333333332,-0.031781445569533356,941121840.6666666,-0.1134401972872995,74.7
2025-07,기술,277066314,-1.4,60.8,38.5,64.13333333333333,160626897,72.3,-0.01431696002383971,219251928.33333334,1.726457399103139,64.13333333333333,-0.15270990240045462,132976991,1.545774647887324,74.93333333333334
2025-07,책임,1135370645,4.9,59,3.4,53.76666666666667,859912760,58.8,0.048843357621293014,972503619,0.06115107913669062,53.76666666666667,0.05060279930483112,740444363.3333334,-0.042345276872964195,56.93333333333334
2025-07,상해,1622744560,8,91.4,2,91.3,1479211157,92.7,0.07983285958584048,1435572682.6666667,0.022371364653243846,91.3,0.07147879651485027,1303879050.6666667,0.027716186252771616,92.63333333333333
2025-07,종합,1511444380,-5,71.8,41.9,78.26666666666667,618132442,68.9,-0.04950844216698133,1259668318.6666667,1.3933333333333333,78.26666666666667,-0.11124548877595467,519343807.3333333,0.25959780621572215,71.83333333333333
2025-07,기타특종,1799582615,4.6,96.3,27.6,115.30000000000001,1262519559,79.3,0.045812531314712475,1563105192.6666667,0.40379008746355693,115.30000000000001,0.031161192975411124,1067526888,0.04342105263157891,77.43333333333334
2025-07,권원,71429347,-10,18.6,0.9,17.866666666666667,66575162,17.6,-0.10016047473866087,61499833,0.050847457627118765,17.866666666666667,-0.09657814624121787,57296094,-0.05376344086021505,16.900000000000002
2025-07,해외원보험,866912159,29.7,50.9,1,53.53333333333333,421662180,74.7,0.29749257650909994,705552179.6666666,0.02004008016032064,53.53333333333333,0.28440606353252534,360337940.3333333,0.2028985507246377,74.36666666666667
2025-08,합계,83046173593,5,86.2,3.5,86.10000000000001,80233700703,86.5,0.04999876902233145,73548315556.66667,0.04106280193236722,86.10000000000001,0.040466013705502485,71105657619,0.02731591448931113,86.63333333333333
2025-08,일반보험,10275303979,,74.02587576695963,,,,,0.04039381864655609,9213532882,0.20516422880652552,78.88590893249982,,,,
2025-08,장기보험,47864878822,6.5,79.8,-0.3,80.03333333333335,45979432442,80.6,0.06536945332361482,41767391407.333336,-0.00374531835205989,80.03333333333335,0.04966290669940822,40236852893,0.007499999999999929,80.56666666666668
2025-08,자동차보험,12940386584,-2.9,84.8,3.9,84.16666666666667,12852791480,84.8,-0.029105465621424634,11368841059.666666,0.048207663782447355,84.16666666666667,-0.02676016778126386,11289180300.666666,0.048207663782447355,84.16666666666667
2025-08,화재,222023997,0.2,63.9,15.3,64.9,174708492,67.6,0.0024280155571751697,195365604.66666666,0.31211498973305946,64.9,0.09284476001498032,151808827,0.18388791593695258,66.46666666666667
2025-08,해상,748961253,5,98,45.6,106.73333333333333,323102973,54.4,0.0501851848496985,661594080.6666666,0.8702290076335878,106.73333333333333,0.02633871574265124,281320584,-0.1309904153354633,53.833333333333336
2025-08,보증,1311839562,-1.5,71.1,-11.3,71.86666666666666,1223585106,72.1,-0.01494128685350245,1165018896.6666667,-0.13713592233009722,71.86666666666666,-0.025415019712033585,1081987103.6666667,-0.12711864406779663,73.16666666666667
2025-08,기술,303556256,-6.4,57.3,38.4,60.29999999999999,182442248,67.6,-0.06407760874195101,267818791.33333334,2.0478723404255317,60.29999999999999,-0.17575737313985224,160283917.33333334,1.5130111524163568,70.89999999999999
2025-08,책임,1259645376,4.9,59.8,5.1,59.36666666666667,955692921,60,0.04861578262677529,1128799539.3333333,0.09124087591240876,59.36666666666667,0.046006930247283355,854994415.6666666,-0.025974025974025997,58.76666666666667
2025-08,상해,1777753351,7.8,91.2,1.3,91.16666666666667,1618158584,92.6,0.07837488115621495,1610904844,0.015590200445434362,91.16666666666667,0.06893456974139026,1465446238.3333333,0.019823788546255477,92.46666666666665
2025-08,종합,1650697299,-4.5,69.3,37.8,72.46666666666665,695902528,69.4,-0.04458949284988029,1492406046,1.2,72.46666666666665,-0.09040561194302112,625648296,0.2218309859154931,69.26666666666667
2025-08,기타특종,1935623070,4.6,83.7,10.6,99.89999999999999,1356527175,78.2,0.04596383860463888,1772205144.6666667,0.14500683994528057,99.89999999999999,0.029298702232092903,1239919639.6666667,0.007731958762886708,78.60000000000001
2025-08,권원,80822363,-11.8,18.2,1.2,17.766666666666666,75476940,17.2,-0.11781714086847697,71323354.33333333,0.0705882352941176,17.766666666666666,-0.11160421874688084,66507016,-0.0337078651685394,16.8
2025-08,해외원보험,984381452,28.5,47.8,-1.1,50.46666666666666,493268120,70,0.2852347944624926,848096580.3333334,-0.024489795918367405,50.46666666666666,0.2395259164567807,428131377.6666667,0.12903225806451613,73.3
2025-09,합계,92487426213,5,86.5,4,86.5,89319027305,86.7,0.049616992229615964,83117442915,0.04721549636803881,86.5,0.038389350471937575,80215692109.66667,0.03337306317044097,86.66666666666667
2025-09,일반보험,11407853124,,74.27523295441054,,,,,0.041842706875969485,10328829046,0.19494362199198154,75.39481880363151,,,,
2025-09,장기보험,53270666890,5.2,80.3,0.8,79.93333333333334,50975968097,80.9,0.052088318568806566,47626715801.666664,0.01133501259445833,79.93333333333334,0.032542726266735204,45654907019,0.02017654476670881,80.73333333333333
2025-09,자동차보험,14520176717,-2.1,85.8,4.2,85.03333333333335,14425209910,85.8,-0.020565363065825418,12960182260,0.05147058823529416,85.03333333333335,-0.018058634815901153,12872241479.333334,0.05147058823529416,85.03333333333335
2025-09,화재,247511217,0,79.9,31.7,69.76666666666667,196058072,84.6,0.0001939520539902776,221926571.33333334,0.6542443064182196,69.76666666666667,0.08896495734515752,173759541,0.5080213903743314,73.06666666666666
2025-09,해상,837350658,3.1,93.7,47.4,99.39999999999999,362243348,55.6,0.03135347956177093,748103839.3333334,1.0193965517241381,99.39999999999999,0.023120143698245974,320730098.3333333,-0.060810810810810835,54.833333333333336
2025-09,보증,1470580125,0.7,72.1,-7.5,71.26666666666667,1359052969,73.8,0.007217103966025808,1315651865,-0.0942211055276382,71.26666666666667,-0.007171571871740117,1220979399,-0.08208955223880607,72.60000000000001
2025-09,기술,333261463,-8.7,59,39.5,59.03333333333333,206196282,67,-0.08675046060242313,304628011,2.0256410256410255,59.03333333333333,-0.1731821767615525,183088475.66666666,1.3674911660777387,68.96666666666665
2025-09,책임,1391088896,5.3,61.6,7.1,60.13333333333333,1054423535,60.7,0.053173276195341276,1262034972.3333333,0.1302752293577982,60.13333333333333,0.044090515715830614,956676405.3333334,-0.006546644844517162,59.833333333333336
2025-09,상해,1928593258,8,92,2.3,91.53333333333335,1750293749,93.2,0.07993782609444491,1776363723,0.02678571428571435,91.53333333333335,0.06916116044411885,1615887830,0.027563395810363836,92.83333333333333
2025-09,종합,1931662848,-3.9,64.8,33.4,68.63333333333333,845731686,67.1,-0.03900904324359799,1697934842.3333333,1.0636942675159236,68.63333333333333,-0.0705164668862807,719922218.6666666,0.21338155515370702,68.46666666666667
2025-09,기타특종,2064263883,4.3,88.4,2.4,89.46666666666665,1543829826,81.8,0.042961947285161735,1933156522.6666667,0.027906976744186112,89.46666666666665,0.024978090753072037,1387625520,-0.006075334143377886,79.76666666666667
2025-09,권원,89830996,-11.9,16.7,0.6,17.833333333333332,84205473,16.1,-0.11914762675967873,80694235.33333333,0.03726708074534148,17.833333333333332,-0.11049884239793883,75419191.66666667,-0.05294117647058815,16.966666666666665
2025-09,해외원보험,1113709780,28.4,45.9,-1,48.199999999999996,566027920,67.9,0.28397932469033493,988334463.6666666,-0.021321961620469083,48.199999999999996,0.23421396639415099,493652740,0.11494252873563231,70.86666666666666
2025-10,합계,101798085931,4.8,86.4,3.8,86.36666666666667,98657506827,86.4,0.047818207599645,92443895245.66667,0.04600484261501225,86.36666666666667,0.04016753426152492,89403411611.66667,0.027348394768133312,86.53333333333335
2025-10,일반보험,12367353784,,75.3974783472807,,,,,0.03033187474104769,11350170295.666666,0.22960347478799714,74.56619568955028,,,,
2025-10,장기보험,59388535622,5.3,80,0.5,80.03333333333333,56939530979,80.5,0.053015158093655285,53508027111.333336,0.006289308176100629,80.03333333333333,0.03531763808396628,51298310506,0.013853904282115796,80.66666666666667
2025-10,자동차보험,15765433945,-4.3,85.9,3.9,85.5,15690695748,85.9,-0.04316686344644201,14408665748.666666,0.04884004884004884,85.5,-0.03885508905160304,14322899046,0.04884004884004884,85.5
2025-10,화재,274530698,-1.2,75.8,28.3,73.2,215715187,80,-0.011538271138564702,248021970.66666666,0.5957894736842104,73.2,0.08155202548524737,195493917,0.47874306839186687,77.39999999999999
2025-10,해상,925889917,2.8,88.6,41.7,93.43333333333332,393514651,56,0.027525661387261712,837400609.3333334,0.8891257995735607,93.43333333333332,0.019917889325363224,359620324,-0.0743801652892562,55.333333333333336
2025-10,보증,1608373436,0.2,74.5,-4.8,72.56666666666666,1487980946,75.9,0.002115996893511222,1463597707.6666667,-0.05934343434343438,72.56666666666666,-0.01060270074478301,1356873007,-0.05006257822277847,73.93333333333332
2025-10,기술,366869119,-7.1,52.5,30.1,56.26666666666667,222452410,61.9,-0.07116239073991923,334562279.3333333,1.3437500000000002,56.26666666666667,-0.15950165808179992,203696980,0.6246719160104985,65.5
2025-10,책임,1539243975,5.5,60.5,4.1,60.63333333333333,1150732787,60.4,0.054978535573206366,1396659415.6666667,0.07269503546099293,60.63333333333333,0.042706483978810134,1053616414.3333334,-0.027375201288244812,60.36666666666667
2025-10,상해,2011287693,5.3,91.7,1.5,91.63333333333333,1850779528,93,0.05266614695914462,1905878100.6666667,0.015503875968992312,91.63333333333333,0.05720954280288246,1739743953.6666667,0.017505470459518536,92.93333333333334
2025-10,종합,2121671972,-4.6,59.9,34.3,64.66666666666667,899343809,62.8,-0.046154504812225786,1901344039.6666667,1.3398437499999998,64.66666666666667,-0.08455732878343403,813659341,0.2790224032586557,66.43333333333334
2025-10,기타특종,2171442748,2.5,103.7,17.1,91.93333333333334,1821969731,84.2,0.024877510303590866,2057109900.3333333,0.1974595842956121,91.93333333333334,0.11563370997116287,1574108910.6666667,0.001189060642092848,81.39999999999999
2025-10,권원,98039616,-13,16.2,-0.7,17.03333333333333,92003587,15.7,-0.12962891924532494,89564325,-0.04142011834319523,17.03333333333333,-0.1204418028305106,83895333.33333333,-0.11299435028248588,16.333333333333332
2025-10,해외원보험,1250004610,25.1,47.3,-0.2,47,629034939,66.1,0.25113498167984316,1116031947.3333333,-0.0042105263157895334,47,0.23071074011423703,562776993,0.07305194805194794,68
2025-11,합계,112880079112,5.4,87,6.4,86.63333333333333,109607024364,86.8,0.05435658865500849,102388530418.66667,0.07940446650124076,86.63333333333333,0.04940787122231577,99194519498.66667,0.02843601895734587,86.63333333333334
2025-11,일반보험,13671614315,,78.96110155569438,,,,,0.03651044901063045,12482273741,0.27305684845782746,76.21127095246187,,,,
2025-11,장기보험,65480397502,5.3,80.1,0.6,80.13333333333334,62902777860,80.6,0.05327300581655222,59379866671.333336,0.007547169811320683,80.13333333333334,0.037597823509423145,56939425645.333336,0.01511335012594444,80.66666666666667
2025-11,자동차보험,17321355465,-4,86.5,3.6,86.06666666666666,17240088273,86.5,-0.04033157437473679,15868988709,0.04342581423401681,86.06666666666666,-0.03612166536487196,15785331310.333334,0.04342581423401681,86.06666666666666
2025-11,화재,305651235,-2.2,73.5,19.7,76.39999999999999,243336721,77.8,-0.021570654613643853,275897716.6666667,0.3661710037174722,76.39999999999999,0.08463814153829685,218369993.33333334,0.37455830388692574,80.8
2025-11,해상,1019095181,3.8,86,38.9,89.43333333333334,429223113,56.1,0.038399502296260025,927445252,0.8297872340425532,89.43333333333334,0.016068586068531884,394993704,-0.05555555555555551,55.9
2025-11,보증,1765398251,1,75,-5.8,73.86666666666666,1641459231,76.2,0.010084228280346559,1614783937.3333333,-0.07178217821782175,73.86666666666666,-0.0020798249042674713,1496164382,-0.0661764705882352,75.3
2025-11,기술,399459561,-6.3,49.7,26.9,53.73333333333333,248589963,59.2,-0.06316901428930319,366530047.6666667,1.1703056768558955,53.73333333333333,-0.140995435191218,225746218.33333334,0.9409836065573771,62.70000000000001
2025-11,책임,1659781619,5.3,60.9,5,61,1235898911,61.9,0.053311951714294974,1530038163.3333333,0.08944543828264759,61,0.03936923026838047,1147018411,0.0032414910858994447,61
2025-11,상해,2138141596,5.2,91.7,1.2,91.8,1966567890,93,0.052422598064586864,2026007515.6666667,0.013259668508287324,91.8,0.05571541914868814,1855880389,0.014176663031624832,93.06666666666666
2025-11,종합,2320602863,-3.9,75.8,48.6,66.83333333333333,993400919,69.2,-0.03925155890961092,2124645894.3333333,1.7867647058823528,66.83333333333333,-0.09579928533603543,912825471.3333334,0.3515625,66.36666666666666
2025-11,기타특종,2533760852,4.5,109.1,23.8,100.40000000000002,2157404626,86.9,0.04542948492405212,2256489161,0.2790152403282532,100.40000000000002,0.22384203153357074,1841068061,0.04071856287425157,84.3
2025-11,권원,105134553,-12.9,17.7,-1.3,16.866666666666664,98747278,17.2,-0.12912569190526946,97668388.33333333,-0.06842105263157898,16.866666666666664,-0.11994485061483105,91652112.66666667,-0.11794871794871799,16.333333333333332
2025-11,해외원보험,1424588604,23.4,46.2,-3.6,46.46666666666666,699802557,66.9,0.23354764018145444,1262767664.6666667,-0.07228915662650591,46.46666666666666,0.21417416501345637,631621805.3333334,0.08252427184466034,66.96666666666667