month,product_group,monthly_first_premium_flow,monthly_first_premium_yoy,monthly_first_premium_ma3,monthly_renewal_premium_flow,monthly_renewal_premium_yoy,monthly_renewal_premium_ma3,lump_sum_first_premium_flow,lump_sum_first_premium_yoy,total_amount_flow,total_amount_yoy,total_amount_ma3
2023-01,원리금보장형장기손해보험합계,1169629085,,1169629085,242329113849,,242329113849,-749011,,243673878973,,243673878973
2023-01,개인보험,1169216863,,1169216863,242272494967,,242272494967,-749011,,243616694670,,243616694670
2023-01,보장성보험,1166734665,,1166734665,238891900707,,238891900707,144159,,240224548921,,240224548921
2023-01,저축성보험,2482198,,2482198,3380594260,,3380594260,-893170,,3392145749,,3392145749
2023-01,단체보험,412222,,412222,56618882,,56618882,0,,57184303,,57184303
2023-01,표준형,598674453,,598674453,196393535823,,196393535823,144159,,197140370174,,197140370174
2023-01,무저해지환급형,568060212,,568060212,42498364884,,42498364884,0,,43084178747,,43084178747
2023-01,표준형_질병보험,182556559,,182556559,19570009434,,19570009434,50455,,19799995297,,19799995297
2023-01,표준형_상해,118723642,,118723642,148072453563,,148072453563,20842,,148258056121,,148258056121
2023-01,표준형_실손의료,84594031,,84594031,5398607954,,5398607954,0,,5483583500,,5483583500
2023-01,표준형_운전자,82759544,,82759544,7378110973,,7378110973,0,,7468798177,,7468798177
2023-01,표준형_어린이,52042503,,52042503,12446105332,,12446105332,2194,,12509398100,,12509398100
2023-01,표준형_치매간병,61187647,,61187647,1531898030,,1531898030,0,,1593903722,,1593903722
2023-01,무저해지형_질병보험,320630077,,320630077,17001260174,,17001260174,0,,17332784915,,17332784915
2023-01,무저해지형_상해,142690141,,142690141,12309761860,,12309761860,0,,12452996806,,12452996806
2023-01,무저해지형_어린이,86426010,,86426010,11456661153,,11456661153,0,,11543095630,,11543095630
2023-01,무저해지형_치매간병,16436271,,16436271,1724296321,,1724296321,0,,1746843108,,1746843108
2023-02,원리금보장형장기손해보험합계,-1032843672,,68392706.5,-232197546353,,5065783748,37565727,,-233318678242,,5177600365.5
2023-02,개인보험,-1033225846,,67995508.5,-232177270520,,5047612223.5,37565727,,-233298982669,,5158856000.5
2023-02,보장성보험,-1030982504,,67876080.5,-228940839709,,4975530499,152457,,-230094485040,,5065031940.5
2023-02,저축성보험,-2243342,,119428,-3236430811,,72081724.5,37413270,,-3204497629,,93824060
2023-02,단체보험,382174,,397198,-20275833,,18171524.5,0,,-19695573,,18744365
2023-02,표준형,-499653515,,49510469,-187659070571,,4367232626,152457,,-188284069809,,4428150182.5
2023-02,무저해지환급형,-531328989,,18365611.5,-41281769138,,608297873,0,,-41810415231,,636881758
2023-02,표준형_질병보험,-157287043,,12634758,-16704620156,,1432694639,-49929,,-16905567663,,1447213817
2023-02,표준형_상해,-92698565,,13012538.5,-145736847991,,1167802786,19091,,-145889433890,,1184311115.5
2023-02,표준형_실손의료,-79469997,,2562017,-5015065440,,191771257,0,,-5094187608,,194697946
2023-02,표준형_운전자,-64026961,,9366291.5,-6520134649,,428988162,0,,-6589349939,,439724119
2023-02,표준형_어린이,-44076773,,3982865,-11630059354,,408022989,10664,,-11684972953,,412212573.5
2023-02,표준형_치매간병,-58922761,,1132443,-1387373605,,72262212.5,3070,,-1446278342,,73812690
2023-02,무저해지형_질병보험,-302005786,,9312145.5,-16511809264,,244725455,0,,-16823721119,,254531898
2023-02,무저해지형_상해,-134094387,,4297877,-12017468724,,146146568,0,,-12151066360,,150965223
2023-02,무저해지형_어린이,-77863659,,4281175.5,-11079823570,,188418791.5,0,,-11157675385,,192710122.5
2023-02,무저해지형_치매간병,-15548886,,443692.5,-1667397907,,28449207,0,,-1670648249,,38097429.5
2023-03,원리금보장형장기손해보험합계,84233255,,73672889.33333333,5206854222,,5112807239.333333,44481274,,5389449135,,5248216622
2023-03,개인보험,83856142,,73282386.33333333,5185494465,,5093572970.666667,44481274,,5367282763,,5228331588
2023-03,보장성보험,83705999,,73152720,5114989914,,5022016970.666667,405997,,5248316524,,5126126801.666667
2023-03,저축성보험,150143,,129666.33333333333,70504551,,71556000,44075277,,118966239,,102204786.33333333
2023-03,단체보험,377113,,390503,21359757,,19234268.666666668,0,,22166372,,19885034
2023-03,표준형,58482263,,52501067,4453344053,,4395936435,405997,,4530258567,,4462186310.666667
2023-03,무저해지환급형,25223736,,20651653,661645861,,626080535.6666666,0,,718057957,,663940491
2023-03,표준형_질병보험,13000970,,12756828.666666666,962322452,,1275903910,185026,,977902056,,1290776563.3333333
2023-03,표준형_상해,16601090,,14208722.333333334,1752291469,,1362632347,11266,,1774699813,,1381107348
2023-03,표준형_실손의료,3035306,,2719780,198723848,,194088787.33333334,0,,202459574,,197285155.33333334
2023-03,표준형_운전자,11020511,,9917698,436903681,,431626668.3333333,0,,449802078,,443083438.6666667
2023-03,표준형_어린이,6248086,,4737938.666666667,370473977,,395506651.6666667,10477,,377086739,,400503962
2023-03,표준형_치매간병,800707,,1021864.3333333334,72783908,,72436111,-3070,,74831397,,74152259
2023-03,무저해지형_질병보험,8280149,,8968146.666666666,229449280,,239633396.66666666,0,,239214523,,249426106.33333334
2023-03,무저해지형_상해,10275807,,6290520.333333333,207074739,,166455958.33333334,0,,218349213,,173426553
2023-03,무저해지형_어린이,6300619,,4954323.333333333,198471102,,191769561.66666666,0,,204798373,,196739539.33333334
2023-03,무저해지형_치매간병,428603,,438662.6666666667,27766443,,28221619,0,,56873590,,44356149.666666664
2023-04,원리금보장형장기손해보험합계,71366552.88999999,,-292414621.37,5150790474.724998,,-73946633885.425,4027562.5849999934,,5260876151.953999,,-74222784318.34866
2023-04,개인보험,69860539.39499998,,-293169721.535,5119875135.748001,,-73957300306.41734,4027562.5849999934,,5228087306.305,,-74234537533.23167
2023-04,보장성보험,69752919.95499998,,-292507861.6816667,5055875224.473,,-72923324856.84233,201592.58499999996,,5156979604.689999,,-73229729637.10333
2023-04,저축성보험,107619.44,,-661859.8533333334,63999911.274999976,,-1033975449.5749999,3825970,,71107701.61500001,,-1004807896.1283334
2023-04,단체보험,1506013.495,,755100.165,30915338.976999998,,10666420.992333332,0,,32788845.649000004,,11753214.883000001
2023-04,표준형,48584575.03299999,,-130862225.65566666,4398987050.716999,,-59602246489.09433,201592.58499999996,,4460762030.424999,,-59764349737.19167
2023-04,무저해지환급형,21168344.922000006,,-161645636.026,656888173.756,,-13321078367.748001,0,,696217574.2649999,,-13465379899.911667
2023-04,표준형_질병보험,11440962.759000003,,-44281703.413666666,1271211960.486,,-4823695247.838,61.05799999998999,,1284442770.9329996,,-4881074278.689
2023-04,표준형_상해,12180534.086000003,,-21305646.971333332,1356443353.953,,-47542704389.349,3719.527000000002,,1373102558.2189999,,-47580543839.593666
2023-04,표준형_실손의료,2721423.971999999,,-24571089.00933333,201858872.22300005,,-1538160906.5923336,0,,204866544.385,,-1562287163.205
2023-04,표준형_운전자,10517626.450000003,,-14162941.183333332,433802548.34599996,,-1883142806.5513334,0,,445827658.7049999,,-1897906734.0983334
2023-04,표준형_어린이,4239126,,-11196520.333333334,396602481.0309999,,-3620994298.6563334,0,,401025606.0309999,,-3635620202.6563334
2023-04,표준형_치매간병,593444.497,,-19176203.167666666,71475874.32,,-414371274.2266667,0,,72746540.18699998,,-432900134.93766665
2023-04,무저해지형_질병보험,9461851.185000002,,-94754595.27166666,252942837.84399998,,-5343139048.718667,0,,263097193.89999998,,-5440469800.7
2023-04,무저해지형_상해,6109313.138,,-39236422.28733333,175999212.84000003,,-3878131590.72,0,,182842803.97800004,,-3916624781.0073333
2023-04,무저해지형_어린이,5281001.153999999,,-22094012.948666666,197190470.43799996,,-3561387332.5206666,0,,202473411.592,,-3583467866.802667
2023-04,무저해지형_치매간병,316179.44500000007,,-4934701.185,30755652.634000003,,-536291937.122,0,,47804164.79499999,,-521990164.73499995
2023-05,원리금보장형장기손해보험합계,73066870.11000001,,76222226,5174360776.275002,,5177335157.666667,1520845.4150000066,,5282733333.046001,,5311019540
2023-05,개인보험,72561030.60500002,,75425904,5151724080.251999,,5152364560.333333,1520845.4150000066,,5259246336.695,,5284872135.333333
2023-05,보장성보험,71605751.04500002,,75021556.66666667,5090839677.527,,5087234938.666667,863295.415,,5194502155.310001,,5199932761.333333
2023-05,저축성보험,955279.56,,404347.3333333333,60884402.725000024,,65129621.666666664,657550,,64744181.38499999,,84939374
2023-05,단체보험,505839.5049999999,,796322,22636696.023000002,,24970597.333333332,0,,23486996.350999996,,26147404.666666668
2023-05,표준형,52613890.96700001,,53226909.666666664,4418842472.283001,,4423724525.333333,776426.415,,4488238581.575001,,4493086393
2023-05,무저해지환급형,18991860.077999994,,21794647,671997205.244,,663510413.3333334,86869,,706263573.7350001,,706846368.3333334
2023-05,표준형_질병보험,13651532.240999997,,12697821.666666666,1278351588.514,,1170628667,-181694.058,,1294055120.0670004,,1185466649
2023-05,표준형_상해,10253439.913999997,,13011688,1365912765.047,,1491549196,362262.473,,1380003647.7810001,,1509268673
2023-05,표준형_실손의료,3430516.028000001,,3062415.3333333335,206277068.77699995,,202286596.33333334,-50967,,210850255.615,,206058791.33333334
2023-05,표준형_운전자,7583575.549999997,,9707237.666666666,437522308.65400004,,436076179.3333333,30963,,446898796.2950001,,447509511
2023-05,표준형_어린이,8076612,,6187941.333333333,395867518.9690001,,387647992.3333333,253229,,406457964.9690001,,394856770
2023-05,표준형_치매간병,4080932.503,,1825028,71026136.68,,71761973,250,,76063847.81300002,,74547261.66666667
2023-05,무저해지형_질병보험,10229231.814999998,,9323744,260514654.15600002,,247635590.66666666,0,,271481717.1,,257931144.66666666
2023-05,무저해지형_상해,879485.8619999997,,5754868.666666667,179549810.15999997,,187541254,12000,,181116530.02199996,,194102849
2023-05,무저해지형_어린이,4944814.846000001,,5508811.666666667,202602299.56200004,,199421290.66666666,61752,,207692287.408,,204988024
2023-05,무저해지형_치매간병,2938327.5549999997,,1227703.3333333333,29330441.365999997,,29284179,13117,,45973039.20500001,,50216931.333333336
2023-06,원리금보장형장기손해보험합계,82723649,,75719024,5200049931,,5175067060.666667,16172272,,5333590672,,5292400052.333333
2023-06,개인보험,82128513,,74850027.66666667,5177398145,,5149665787,16172272,,5310012838,,5265782160.333333
2023-06,보장성보험,82028511,,74462394,5118774664,,5088496522,581525,,5233097571,,5194859777
2023-06,저축성보험,100002,,387633.6666666667,58623481,,61169265,15590747,,76915267,,70922383.33333333
2023-06,단체보험,595136,,868996.3333333334,22651786,,25401273.666666668,0,,23577834,,26617892
2023-06,표준형,53729271,,51642579,4426185708,,4414671743.666667,581525,,4494340943,,4481113851.666667
2023-06,무저해지환급형,28299240,,22819815,692588956,,673824778.3333334,0,,738756628,,713745925.3333334
2023-06,표준형_질병보험,11979826,,12357440.333333334,1275720628,,1275094725.6666667,31300,,1289562433,,1289353441.3333333
2023-06,표준형_상해,12700674,,11711549.333333334,1372801471,,1365052530,24189,,1390566464,,1381224223.3333333
2023-06,표준형_실손의료,3083528,,3078489.3333333335,211995859,,206710600,0,,215416979,,210377926.33333334
2023-06,표준형_운전자,14353880,,10818360.666666666,437957499,,436427452,0,,453959468,,448895307.6666667
2023-06,표준형_어린이,4407647,,5574461.666666667,398941250,,397137083.3333333,5393,,403576835,,403686802
2023-06,표준형_치매간병,519860,,1731412.3333333333,70463104,,70988371.66666667,0,,71750180,,73520189.33333333
2023-06,무저해지형_질병보험,11139090,,10276724.333333334,268365725,,260607739,0,,280410243,,271663051.3333333
2023-06,무저해지형_상해,6395779,,4461526,184442152,,179997058.33333334,0,,191458073,,185139135.66666666
2023-06,무저해지형_어린이,4934900,,5053572,207133315,,202308695,0,,212068300,,207411333
2023-06,무저해지형_치매간병,5829471,,3027992.6666666665,32647764,,30911286,0,,54820012,,49532405.333333336
2023-07,원리금보장형장기손해보험합계,75845538,,77212019.03666668,5258388921,,5210933209.425,10241364,,5376212005,,5330845336.682
2023-07,개인보험,75326376,,76671973.20166667,5235603938,,5188242054.417333,10241364,,5352748903,,5307336025.898334
2023-07,보장성보험,75213062,,76282441.34833334,5137738532,,5115784291.175667,245997,,5242742589,,5223447438.436667
2023-07,저축성보험,113314,,389531.85333333333,97865406,,72457763.24166667,9995367,,110006314,,83888587.46166666
2023-07,단체보험,519162,,540045.835,22784983,,22691155.007666666,0,,23463102,,23509310.783666667
2023-07,표준형,51852866,,52732009.322333336,4426949474,,4423992551.427667,245997,,4491169010,,4491249511.525001
2023-07,무저해지환급형,23360196,,23550432.025999997,710789058,,691791739.748,0,,751573579,,732197926.9116668
2023-07,표준형_질병보험,12287152,,12639503.413666666,1272145605,,1275405940.5046666,66646,,1286303527,,1289973693.3556669
2023-07,표준형_상해,14512404,,12488839.304666666,1373913427,,1370875887.6823332,3,,1392892109,,1387820740.2603333
2023-07,표준형_실손의료,2772718,,3095587.342666667,215374710,,211215879.25899997,0,,218410029,,214892421.205
2023-07,표준형_운전자,9417960,,10451805.183333332,442464461,,439314756.218,0,,453586043,,451481435.76500005
2023-07,표준형_어린이,4184492,,5556250.333333333,398895970,,397901579.6563334,2001,,403273699,,404436166.323
2023-07,표준형_치매간병,1743621,,2114804.501,69518474,,70335904.89333333,0,,71785889,,73199972.27100001
2023-07,무저해지형_질병보험,11859453,,11075924.938333333,275884398,,268254925.71866667,0,,288182202,,280024720.7
2023-07,무저해지형_상해,5230336,,4168533.6206666664,187500719,,183830893.72,0,,193394532,,188656378.34066665
2023-07,무저해지형_어린이,5192564,,5024092.948666667,210353477,,206696363.854,0,,215550056,,211770214.46933332
2023-07,무저해지형_치매간병,342989,,3036929.185,36995936,,32991380.455333333,0,,53657407,,51483486.068333335
2023-08,원리금보장형장기손해보험합계,88136781,,82235322.66666667,5246879932,,5235106261.333333,33478531,,5401896081,,5370566252.666667
2023-08,개인보험,87705618,,81720169,5223877903,,5212293328.666667,33478531,,5378297760,,5347019833.666667
2023-08,보장성보험,87611617,,81617730,5170683511,,5142398902.333333,336321,,5290610130,,5255483430
2023-08,저축성보험,94001,,102439,53194392,,69894426.33333333,33142210,,87687630,,91536403.66666667
2023-08,단체보험,431163,,515153.6666666667,23002029,,22812932.666666668,0,,23598321,,23546419
2023-08,표준형,52381489,,52654542,4441593629,,4431576270.333333,336321,,4505066071,,4496858674.666667
2023-08,무저해지환급형,35230128,,28963188,729089882,,710822632,0,,785544059,,758624755.3333334
2023-08,표준형_질병보험,12900731,,12389236.333333334,1274220881,,1274029038,42306,,1288667391,,1288177783.6666667
2023-08,표준형_상해,14793299,,14002125.666666666,1378433439,,1375049445.6666667,24790,,1397193247,,1393550606.6666667
2023-08,표준형_실손의료,2906042,,2920762.6666666665,219906151,,215758906.66666666,0,,223065764,,218964257.33333334
2023-08,표준형_운전자,9193010,,10988283.333333334,444928718,,441783559.3333333,0,,455497948,,454347819.6666667
2023-08,표준형_어린이,5340360,,4644166.333333333,399346405,,399061208.3333333,1979,,404875246,,403908593.3333333
2023-08,표준형_치매간병,985818,,1083099.6666666667,69474684,,69818754,0,,70845210,,71460426.33333333
2023-08,무저해지형_질병보험,16202951,,13067164.666666666,285107781,,276452634.6666667,0,,301660690,,290084378.3333333
2023-08,무저해지형_상해,6231429,,5952514.666666667,190397462,,187446777.66666666,0,,197287486,,194046697
2023-08,무저해지형_어린이,9103763,,6410409,214257897,,210581563,0,,223365864,,216994740
2023-08,무저해지형_치매간병,2948342,,3040267.3333333335,38604285,,36082661.666666664,0,,61763919,,56747112.666666664
2023-09,원리금보장형장기손해보험합계,82276577,,82086298.66666667,5238201297,,5247823383.333333,16394126,,5358556859,,5378888315
2023-09,개인보험,81744433,,81592142.33333333,5215512518,,5224998119.666667,16394126,,5335109412,,5355385358.333333
2023-09,보장성보험,82514840,,81779839.66666667,5165414754,,5157945599,201224,,5267693540,,5267015419.666667
2023-09,저축성보험,-770407,,-187697.33333333334,50097764,,67052520.666666664,16192902,,67415872,,88369938.66666667
2023-09,단체보험,532144,,494156.3333333333,22688779,,22825263.666666668,0,,23447447,,23502956.666666668
2023-09,표준형,42945234,,49059863,4415754847,,4428099316.666667,288093,,4473043838,,4489759639.666667
2023-09,무저해지환급형,39569606,,32719976.666666668,749659907,,729846282.3333334,-86869,,794649702,,777255780
2023-09,표준형_질병보험,12410160,,12532681,1260951629,,1269106038.3333333,315039,,1274801130,,1283257349.3333333
2023-09,표준형_상해,14312379,,14539360.666666666,1376486431,,1376277765.6666667,-268997,,1399079602,,1396388319.3333333
2023-09,표준형_실손의료,2011790,,2563516.6666666665,222055415,,219112092,50967,,223521903,,221665898.66666666
2023-09,표준형_운전자,9818664,,9476544.666666666,443067806,,443486995,-30963,,453994638,,454359543
2023-09,표준형_어린이,-248652,,3092066.6666666665,397995583,,398745986,-248865,,395594785,,401247910
2023-09,표준형_치매간병,-2550192,,59749,68385226,,69126128,-250,,68583714,,70404937.66666667
2023-09,무저해지형_질병보험,20765809,,16276071,294644236,,285212138.3333333,0,,315829894,,301890928.6666667
2023-09,무저해지형_상해,15681625,,9047796.666666666,192725344,,190207841.66666666,-12000,,209176860,,199952959.33333334
2023-09,무저해지형_어린이,3186988,,5827771.666666667,219538496,,214716623.33333334,-61752,,222593319,,220503079.66666666
2023-09,무저해지형_치매간병,-883876,,802485,41300456,,38966892.333333336,-13117,,44779194,,53400173.333333336
2023-10,원리금보장형장기손해보험합계,72568794,,80994050.66666667,5325241358,,5270107529,32703326,,5446741525,,5402398155
2023-10,개인보험,72067885,,80505978.66666667,5302311152,,5247233857.666667,32703326,,5423098262,,5378835144.666667
2023-10,보장성보험,71958067,,80694841.33333333,5250649143,,5195582469.333333,210385,,5337351193,,5298551621
2023-10,저축성보험,109818,,-188862.66666666666,51662009,,51651388.333333336,32492941,,85747069,,80283523.66666667
2023-10,단체보험,500909,,488072,22930206,,22873671.333333332,0,,23643263,,23563010.333333332
2023-10,표준형,44492717,,46606480,4470074426,,4442474300.666667,210385,,4525462428,,4501190779
2023-10,무저해지환급형,27465350,,34088361.333333336,780574717,,753108168.6666666,0,,811888765,,797360842
2023-10,표준형_질병보험,12168729,,12493206.666666666,1285240275,,1273470928.3333333,68143,,1299208821,,1287559114
2023-10,표준형_상해,11680197,,13595291.666666666,1385012973,,1379977614.3333333,22487,,1400617052,,1398963300.3333333
2023-10,표준형_실손의료,2690056,,2535962.6666666665,228111067,,223357544.33333334,0,,231112956,,225900207.66666666
2023-10,표준형_운전자,7493292,,8834988.666666666,448418689,,445471737.6666667,0,,457036784,,455509790
2023-10,표준형_어린이,3884978,,2992228.6666666665,400678764,,399340250.6666667,328,,404714451,,401728160.6666667
2023-10,표준형_치매간병,700448,,-287975.3333333333,68478811,,68779573.66666667,0,,69990438,,69806454
2023-10,무저해지형_질병보험,14885958,,17284906,316978857,,298910291.3333333,0,,332198015,,316562866.3333333
2023-10,무저해지형_상해,7589310,,9834121.333333334,197741036,,193621280.66666666,0,,206037334,,204167226.66666666
2023-10,무저해지형_어린이,3620465,,5303738.666666667,223037050,,218944481,0,,226665373,,224208185.33333334
2023-10,무저해지형_치매간병,728391,,930952.3333333334,40650941,,40185227.333333336,0,,44179984,,50241032.333333336
2023-11,원리금보장형장기손해보험합계,76881844,,77242405,5319376856,,5294273170.333333,3121321,,5417285427,,5407527937
2023-11,개인보험,76413752,,76742023.33333333,5296490042,,5271437904,3121321,,5393770631,,5383992768.333333
2023-11,보장성보험,76333852,,76935586.33333333,5247418807,,5221160901.333333,299476,,5340092719,,5315045817.333333
2023-11,저축성보험,79900,,-193563,49071235,,50277002.666666664,2821845,,53677912,,68946951
2023-11,단체보험,468092,,500381.6666666667,22886814,,22835266.333333332,0,,23514796,,23535168.666666668
2023-11,표준형,50132907,,45856952.666666664,4453650239,,4446493170.666667,299476,,4516337727,,4504947997.666667
2023-11,무저해지환급형,26200945,,31078633.666666668,793768568,,774667730.6666666,0,,823754992,,810097819.6666666
2023-11,표준형_질병보험,12699536,,12426141.666666666,1275643980,,1273945294.6666667,54132,,1290576180,,1288195377
2023-11,표준형_상해,12664440,,12885672,1379506742,,1380335382,5000,,1395330423,,1398342359
2023-11,표준형_실손의료,3048193,,2583346.3333333335,230810175,,226992219,0,,234195936,,229610265
2023-11,표준형_운전자,11887668,,9733208,445191803,,445559432.6666667,0,,458257774,,456429732
2023-11,표준형_어린이,2751143,,2129156.3333333335,397159302,,398611216.3333333,38750,,400114976,,400141404
2023-11,표준형_치매간병,756504,,-364413.3333333333,67379113,,68081050,0,,69690631,,69421594.33333333
2023-11,무저해지형_질병보험,14134821,,16595529.333333334,326003011,,312542034.6666667,0,,340339302,,329455737
2023-11,무저해지형_상해,7175458,,10148797.666666666,201251502,,197239294,0,,209041917,,208085370.33333334
2023-11,무저해지형_어린이,3481706,,3429719.6666666665,223442907,,222006151,0,,226929186,,225395959.33333334
2023-11,무저해지형_치매간병,700669,,181728,40329589,,40760328.666666664,0,,43994737,,44317971.666666664
2023-12,원리금보장형장기손해보험합계,77706451,,75719029.66666667,5371625966,,5338748060,553291,,5467932624,,5443986525.333333
2023-12,개인보험,77217882,,75233173,5348710518,,5315837237.333333,553291,,5444197072,,5420355321.666667
2023-12,보장성보험,77120112,,75137343.66666667,5282527132,,5260198360.666667,130794,,5374968321,,5350804077.666667
2023-12,저축성보험,97770,,95829.33333333333,66183386,,55638876.666666664,422497,,69228751,,69551244
2023-12,단체보험,488569,,485856.6666666667,22915448,,22910822.666666668,0,,23735552,,23631203.666666668
2023-12,표준형,47733174,,47452932.666666664,4471883858,,4465202841,130794,,4531688449,,4524496201.333333
2023-12,무저해지환급형,29386938,,27684411,810643274,,794995519.6666666,0,,843279872,,826307876.3333334
2023-12,표준형_질병보험,13798558,,12888941,1277590539,,1279491598,30691,,1293569379,,1294451460
2023-12,표준형_상해,12117426,,12154021,1382560195,,1382359970,23539,,1397525311,,1397824262
2023-12,표준형_실손의료,3655917,,3131388.6666666665,236153269,,231691503.66666666,0,,240385731,,235231541
2023-12,표준형_운전자,8294383,,9225114.333333334,447752603,,447121031.6666667,0,,457531889,,457608815.6666667
2023-12,표준형_어린이,2930354,,3188825,396362967,,398067011,17239,,399561721,,401463716
2023-12,표준형_치매간병,771054,,742668.6666666666,66526242,,67461388.66666667,0,,68653199,,69444756
2023-12,무저해지형_질병보험,16542071,,15187616.666666666,336205658,,326395842,0,,353042614,,341859977
2023-12,무저해지형_상해,7397586,,7387451.333333333,205156843,,201383127,0,,213083023,,209387424.66666666
2023-12,무저해지형_어린이,3936461,,3679544,224983959,,223821305.33333334,0,,228926295,,227506951.33333334
2023-12,무저해지형_치매간병,681952,,703670.6666666666,40906865,,40629131.666666664,0,,44009123,,44061281.333333336
2024-01,원리금보장형장기손해보험합계,79278474,-0.9322191325295233,77955589.66666667,5385388745,-0.9777765508260153,5358797189,276658,-1.3693644018579167,5520355283,-0.9773453137190315,5468524444.666667
2024-01,개인보험,78648849,-0.9327337370090599,77426827.66666667,5362819603,-0.9778645132468279,5336006721,276658,-1.3693644018579167,5496956004,-0.9774360455409424,5444974569
2024-01,보장성보험,77496287,-0.9335784824735622,76983417,5317583549,-0.9777406285719079,5282509829.333333,196658,0.3641742797882893,5448367902,-0.9773196872406585,5387809647.333333
2024-01,저축성보험,1152562,-0.5356687903221258,443410.6666666667,45236054,-0.9866189046892602,53496891.666666664,80000,-1.089568615157249,48588102,-0.9856762929439798,57164921.666666664
2024-01,단체보험,629625,0.5273930066808661,528762,22569142,-0.6013848878188729,22790468,0,,23399279,-0.5908094044619202,23549875.666666668
2024-01,표준형,49833025,-0.9167610631282441,49233035.333333336,4487211157,-0.9771519406777008,4470915084.666667,196658,0.3641742797882893,4586807256,-0.9767332928717157,4544944477.333333
2024-01,무저해지환급형,27663262,-0.9513022362495616,27750381.666666668,830372392,-0.980461074343295,811594744.6666666,0,,861560646,-0.9800028532269519,842865170
2024-01,표준형_질병보험,13704556,-0.9249298076438875,13400883.333333334,1283613916,-0.9344091314657258,1278949478.3333333,41506,-0.17736596967594886,1298931755,-0.93439737052883,1294359104.6666667
2024-01,표준형_상해,12002128,-0.8989070096080779,12261331.333333334,1379043788,-0.9906866959058441,1380370241.6666667,5063,-0.757077055944727,1392299439,-0.9906089458109198,1395051724.3333333
2024-01,표준형_실손의료,3351973,-0.960375774030676,3352027.6666666665,241280443,-0.9553069152166851,236081295.66666666,0,,245042636,-0.9553134121145416,239874767.66666666
2024-01,표준형_운전자,8394391,-0.8985689070495604,9525480.666666666,448221319,-0.9392498539747838,447055241.6666667,0,,458308631,-0.938636897109986,458032764.6666667
2024-01,표준형_어린이,2759481,-0.9469763973496816,2813659.3333333335,393951283,-0.968347424958142,395824517.3333333,45326,19.659070191431177,396956769,-0.9682673166345229,398877822
2024-01,표준형_치매간병,2247199,-0.9632736490095787,1258252.3333333333,66329189,-0.9567013027622994,66744848,0,,109650718,-0.9312061848613965,82664849.33333333
2024-01,무저해지형_질병보험,15994782,-0.9501145302722177,15557224.666666666,350451010,-0.9793867627215103,337553226.3333333,0,,366673313,-0.9788451010730147,353351743
2024-01,무저해지형_상해,6365927,-0.9553863570714392,6979657,207645018,-0.983131678714701,204684454.33333334,0,,214483292,-0.9827765721503551,212202744
2024-01,무저해지형_어린이,3476178,-0.9597785666606615,3631448.3333333335,227004954,-0.9801857669552742,225143940,0,,230491546,-0.9800320855524265,228782342.33333334
2024-01,무저해지형_치매간병,596684,-0.96369711840356,659768.3333333334,41127590,-0.976148188974765,40788014.666666664,0,,44538984,-0.9745031572692331,44180948
2024-02,원리금보장형장기손해보험합계,79776390.73300001,-1.0772395599602416,78920438.57766667,5396580414.202,-1.0232413326452545,5384531708.400666,261515.78599999996,-0.9930384473592113,5497338544.757,-1.0235615021745283,5495208817.252334
2024-02,개인보험,79137953.50299999,-1.0765930835057722,78334894.83433333,5373753666.152,-1.0231450462576142,5361761262.384,261515.78599999996,-0.9930384473592113,5473684086.037001,-1.0234621001061242,5471612387.345667
2024-02,보장성보험,78316242.54300001,-1.075962727048373,77644213.84766667,5332611797.966,-1.023292531838112,5310907492.988667,181415.78600000002,0.1899472375817445,5429334174.150999,-1.0235961073695754,5417556799.050333
2024-02,저축성보험,821710.96,-1.3662887602514462,690680.9866666667,41141868.186000004,-1.0127121111460708,50853769.39533333,80100,-0.9978590484071561,44349911.88600001,-1.0138398953660142,54055588.29533333
2024-02,단체보험,638437.23,0.6705407222888004,585543.7433333333,22826748.049999997,-2.125810616510799,22770446.016666666,0,,23654458.72,-2.201003835735066,23596429.906666666
2024-02,표준형,46813801.619,-1.0936925293500637,48126666.873,4486439471.5130005,-1.023907394712453,4481844828.8376665,181415.78600000002,0.1899472375817445,4543600611.2439995,-1.0241316252397408,4554032105.414666
2024-02,무저해지환급형,31502440.924000002,-1.059289896798761,29517546.974666666,846172326.4530001,-1.0204974821603296,829062664.151,0,,885733562.9070001,-1.0211845196469198,863524693.6356667
2024-02,표준형_질병보험,14193065.809999999,-1.0902367133318158,13898726.603333334,1280998994.362,-1.076685311153387,1280734483.1206667,11365.260000000002,-1.227628432373971,1296793956.762,-1.0767080989300466,1296431696.9206667
2024-02,표준형_상해,11887954.98,-1.1282431392546368,12002502.993333334,1373782718.4640002,-1.009426461031659,1378462233.8213334,14277,-0.25216070399664764,1388809020.005,-1.0095195997610915,1392877923.335
2024-02,표준형_실손의료,3290505.671,-1.0414056347705662,3432798.557,245066744.04500002,-1.0488661109165907,240833485.34833336,0,,248730205.251,-1.048826275039496,244719524.08366665
2024-02,표준형_운전자,7495326.539999999,-1.117065161659008,8061366.846666667,447163430.396,-1.0685819318876462,447712450.79866666,0,,455979277.546,-1.0691994326856464,457273265.84866667
2024-02,표준형_어린이,2788777.284,-1.0632709042470057,2826204.094666667,391404785.54200006,-1.0336545819439331,393906345.1806667,44095.066000000006,3.1349461740435114,394388596.55200005,-1.0337517765884725,396969028.8506667
2024-02,표준형_치매간병,762682.6000000001,-1.0129437688773613,1260311.8666666667,66545409.763,-1.0479650250827715,66466946.921000004,0,-1,67272403.243,-1.0465141468895758,81858773.41433333
2024-02,무저해지형_질병보험,18148454,-1.0600930672235531,16895102.333333332,361750698.78,-1.0219086045021553,349469122.26,0,,380616606.11,-1.0226238061970814,366777511.0366667
2024-02,무저해지형_상해,7453277.34,-1.0555823215777107,7072263.446666666,210082042.14999998,-1.0174813887162815,207627967.71666667,0,,218089767.83999997,-1.0179481998845739,215218694.27999997
2024-02,무저해지형_어린이,3661746.584,-1.0470276715868183,3691461.861333333,227614783.44300002,-1.0205431776061216,226534565.48100004,0,,231287120.027,-1.0207289701525046,230234987.00899997
2024-02,무저해지형_치매간병,1261907.58,-1.081157426969366,846847.86,41464777.08,-1.0248679555767248,41166410.693333335,0,,49502988.510000005,-1.0296310061316802,46017031.836666666
2024-03,원리금보장형장기손해보험합계,103579893.26699999,0.22967933824948342,87544919.33333333,5441466680.798,0.04505838819276249,5407811946.666667,429637.21400000004,-0.990341166622161,5588087420.243,0.03685688096636987,5535260416
2024-03,개인보험,102853331.49700001,0.2265449977057138,86880044.66666667,5418499319.848,0.04493397040931941,5385024196.333333,429637.21400000004,-0.990341166622161,5563806693.962999,0.036615162576818266,5511482261.333333
2024-03,보장성보험,102029826.45699999,0.21890698009589477,85947452,5379371636.034,0.0516876331095734,5343188994.333333,359637.214,-0.11418750877469544,5521273932.849001,0.05200856457509668,5466325336.333333
2024-03,저축성보험,823505.04,4.4848047528023285,932592.6666666666,39127683.813999996,-0.4450332175861953,41835202,70000,-0.9984118080528456,42532761.11399999,-0.6424804089671189,45156925
2024-03,단체보험,726561.77,0.9266420674970103,664874.6666666666,22967360.950000003,0.07526321343449754,22787750.333333332,0,,24280726.28,0.09538567159298784,23778154.666666668
2024-03,표준형,56481867.381,-0.03420516779591793,51042898,4512695404.4869995,0.013327367205553636,4495448677.666667,359637.214,-0.11418750877469544,4586964852.7560005,0.012517229406963454,4572457573.333333
2024-03,무저해지환급형,45547959.076,0.8057578415822302,34904554,866676231.5469999,0.309879321601318,847740316.6666666,0,,934309080.0929999,0.3011610984668748,893867763
2024-03,표준형_질병보험,16929780.19,0.3021936201683414,14942467.333333334,1288655959.638,0.33911035428902164,1284422956.6666667,79758.73999999999,-0.5689322581691222,1307846242.238,0.3374000332789973,1301190651.3333333
2024-03,표준형_상해,14667596.02,-0.11646789337326648,12852559.666666666,1378171316.5359998,-0.21350338062052177,1376999274.3333333,20920,0.8569146103319724,1398055023.995,-0.21223013956839815,1393054494.3333333
2024-03,표준형_실손의료,4248556.329,0.3997126909115588,3630345,251424913.95499998,0.2651974913197131,245924033.66666666,0,,256381166.749,0.2663326395668501,250051336
2024-03,표준형_운전자,8433905.46,-0.2347083125274317,8107874.333333333,446228851.604,0.021343767538548095,447204533.6666667,0,,456451217.454,0.014782367132594697,456913042
2024-03,표준형_어린이,3527523.716,-0.4354233094742934,3025260.6666666665,390335345.45799994,0.053610697892553856,391897138,68701.934,5.557405173236613,394249527.44799995,0.045514166033825854,395198297.6666667
2024-03,표준형_치매간병,1705275.4,1.1297121169166748,1571719,65709920.237,-0.09719164520542091,66194839.666666664,0,-1,69606277.757,-0.06982522647545923,82176466.33333333
2024-03,무저해지형_질병보험,25703254,2.104201868831104,19948830,375219717.22,0.6353057077363679,362473808.6666667,0,,402467692.89,0.6824550944592941,383252537.3333333
2024-03,무저해지형_상해,12385366.66,0.20529381877257913,8734857,214002614.85000002,0.03345591974885949,210576558.33333334,0,,227338247.16000003,0.04116815461111841,219970435.66666666
2024-03,무저해지형_어린이,5384294.416,-0.1454340571934281,4174073,228867098.55699998,0.1531507421014873,227828945.33333334,0,,234273621.973,0.14392325750068333,232017429.33333334
2024-03,무저해지형_치매간병,829252.4199999999,0.9347797845558709,895948,42407113.92,0.5272793104972071,41666493.666666664,0,,62804039.489999995,0.10427422446868563,52282004
2024-04,원리금보장형장기손해보험합계,75729390,0.061132798675657254,86361891.33333333,5489027522,0.06566701731214568,5442358205.666667,273434,-0.9321093107234731,5589543842,0.06247394550885359,5558323269
2024-04,개인보험,75310667,0.07801439342150417,85767317.33333333,5465814263,0.06756788360649309,5419355749.666667,273434,-0.9321093107234731,5565639456,0.0645651325080047,5534376745.333333
2024-04,보장성보험,72254883,0.03586893633433725,84200317.33333333,5428560096,0.07371322569888922,5380181176.666667,415398,1.0605817421310415,5523583977,0.07108897075656344,5491397361.333333
2024-04,저축성보험,3055784,27.394349571044042,1567000,37254167,-0.4179028336473266,39174573,-141964,-1.0371053615161645,42055479,-0.4085664696673519,42979384
2024-04,단체보험,418723,-0.7219659708294978,594574,23213259,-0.2491345795279843,23002456,0,,23904386,-0.27095981798526547,23946523.666666668
2024-04,표준형,51472480,0.05944077858123617,51589383,4639230543,0.054613366557613126,4546121806.333333,415398,1.0605817421310415,4720980120,0.05833489610074727,4617181861.333333
2024-04,무저해지환급형,20782403,-0.018232031054959855,32610934.333333332,789329553,0.20161936922492849,834059370.3333334,0,,802603857,0.152806086297538,874215500
2024-04,표준형_질병보험,10843892,-0.05218710798882019,13988912.666666666,1293415764,0.017466641444681776,1287690239.3333333,45956,751.6614039111588,1305885925,0.016694518862389183,1303508708
2024-04,표준형_상해,16801597,0.3793809763490855,14452382.666666666,1401591347,0.03328409764803513,1384515127.3333333,214702,56.722930899547144,1421917980,0.03555118406036385,1402927341.3333333
2024-04,표준형_실손의료,3397107,0.24828289709796128,3645389.6666666665,255673829,0.26659693569252096,250721829,0,,259400454,0.26619236331978124,254837275.33333334
2024-04,표준형_운전자,9002645,-0.14404214270226365,8310625.666666667,445037687,0.025899199294327154,446143323,0,,455557899,0.021825115837953175,455996131.3333333
2024-04,표준형_어린이,1301946,-0.6928739556219844,2539415.6666666665,425127448,0.07192331952852933,402289193,9990,,426599624,0.06377153374845393,405079249.3333333
2024-04,표준형_치매간병,252801,-0.5740107098844662,906919.6666666666,105617218,0.4776624840872602,79290849.33333333,0,,125057300,0.7190824426636871,87311993.66666667
2024-04,무저해지형_질병보험,17499165,0.8494441159401933,20450291,395967793,0.5654437831689437,377646069.6666667,0,,414205148,0.5743427052948132,399096482.3333333
2024-04,무저해지형_상해,2192432,-0.6411328163287217,7343692,196534062,0.11667580115070225,206872906.33333334,0,,198955505,0.08812324396391702,214794506.66666666
2024-04,무저해지형_어린이,-70007,-1.0132563879382936,2992011.3333333335,187108417,-0.051128502384550745,214530099.66666666,0,,187041850,-0.07621524955136247,217534197.33333334
2024-04,무저해지형_치매간병,367866,0.16347221749345509,819675.3333333334,2468083,-0.9197518898600264,28779991.333333332,0,,-5642791,-1.1180397361652097,35554745.666666664
2024-05,원리금보장형장기손해보험합계,78726060,0.07745220072353233,86011781.089,5506007816,0.06409430151172212,5478834006.266,266876,-0.8245212844331067,5609130992,0.06178575339251491,5595587418.081
2024-05,개인보험,78000481,0.07496379736680808,85388159.83233334,5482862492,0.06427720246457828,5455725358.282666,266876,-0.8245212844331067,5584885123,0.06191738615340032,5571443757.654333
2024-05,보장성보험,80341959,0.12200427797356372,84875556.15233333,5446770642,0.06991596416681928,5418234124.678,5912,-0.9931518227743629,5549274653,0.06829768995809113,5531377520.949667
2024-05,저축성보험,-2341478,-3.451091908634578,512603.68,36091850,-0.4072069629553882,37491233.604666665,260964,-0.6031267584214128,35610470,-0.4499819251981418,40066236.70466667
2024-05,단체보험,725579,0.4344055630846787,623621.2566666667,23145324,0.02246917909235548,23108647.983333334,0,,24245869,0.032310331966637094,24143660.426666666
2024-05,표준형,41464565,-0.21190840977704886,49806304.127,4558860745,0.03168664047095085,4570262230.8289995,5912,-0.9923856274261355,4616865433,0.02865864839561667,4641603468.585334
2024-05,무저해지환급형,38877394,1.0470556249008613,35069252.02533334,887909897,0.3212999846890775,847971893.849,0,-1,932409220,0.32020007073145873,889774052.3643333
2024-05,표준형_질병보험,9221023,-0.324543000945618,12331565.063333333,1291719582,0.010457211933017175,1291263768.546,78929,-1.4344060607639684,1302439784,0.0064793715530181515,1305390650.4126666
2024-05,표준형_상해,9788457,-0.045348967556255115,13752550.006666666,1380317616,0.010545952363586271,1386693426.5119998,-177199,-1.4891453385512554,1393500997,0.009780661986439782,1404491333.665
2024-05,표준형_실손의료,5303699,0.5460353359993101,4316454.109666667,260497669,0.2628532611233503,255865470.65166664,0,-1,266130633,0.2621783749977456,260637417.91633335
2024-05,표준형_운전자,8733022,0.15157051478177777,8723190.82,445357293,0.0179076225166749,445541277.20133334,0,-1,455653450,0.019589790300578332,455887522.15133333
2024-05,표준형_어린이,4125108,-0.4892526717886163,2984859.2386666667,395449945,-0.0010548326118991359,403637579.486,6216,-0.975453048426523,399759540,-0.016479994356885044,406869563.816
2024-05,표준형_치매간병,563321,-0.8619626765240817,840465.7999999999,74756273,0.05251779829734634,82027803.74566667,0,-1,80642915,0.06020030959066695,91768830.91899998
2024-05,무저해지형_질병보험,19658001,0.9217475325149823,20953473.333333332,410056320,0.5740240077030455,393747943.4066667,0,,430531002,0.5858563390528959,415734614.2966666
2024-05,무저해지형_상해,12150942,12.815960579932556,8909580.22,217636217,0.21212167702132667,209390964.61666667,0,-1,230294579,0.2715271155649154,218862777.05333337
2024-05,무저해지형_어린이,4965861,0.004256206684265233,3426716.138666667,219458382,0.08319788311603883,211811299.18566665,0,-1,224424686,0.08056340849638839,215246719.32433334
2024-05,무저해지형_치매간병,1324049,-0.5493868620103519,840389.14,32892564,0.12144797241712274,25922586.973333333,0,-1,38513998,-0.16224816401063105,31891748.83
2024-06,원리금보장형장기손해보험합계,79878988,-0.03438751837458234,78111479.33333333,5521450334,0.06180717632805361,5505495224,137443,-0.9915013178111276,5627688156,0.05514061766005728,5608787663.333333
2024-06,개인보험,79330838,-0.0340646006825912,77547328.66666667,5498363776,0.061993615714095326,5482346843.666667,137443,-0.9915013178111276,5603759302,0.055319351000032366,5584761293.666667
2024-06,보장성보험,79129504,-0.0353414558506371,77242115.33333333,5463529857,0.06735111733373228,5446286865,137443,-0.763650745883668,5567096128,0.06382425560931701,5546651586
2024-06,저축성보험,201334,1.0132997340053198,305213.3333333333,34833919,-0.40580261687292163,36059978.666666664,0,-1,36663174,-0.5233303422063139,38109707.666666664
2024-06,단체보험,548150,-0.078950021507689,564150.6666666666,23086558,0.019193718323137963,23148380.333333332,0,,23928854,0.01488771190771807,24026369.666666668
2024-06,표준형,44342811,-0.17469918771092205,45759952,4555862158,0.029297561953991108,4584651148.666667,137443,-0.763650745883668,4618468630,0.02761866279711837,4652104727.666667
2024-06,무저해지환급형,34786693,0.22924477830500042,31482163.333333332,907667699,0.3105431311555595,861635716.3333334,0,,948627498,0.2840866153284787,894546858.3333334
2024-06,표준형_질병보험,10313405,-0.1391022707675387,10126106.666666666,1284215783,0.006659102952123778,1289783709.6666667,4338,-0.8614057507987221,1296107160,0.005075153271001033,1301477623
2024-06,표준형_상해,11973417,-0.05726129180230907,12854490.333333334,1379704428,0.0050283723800001665,1387204463.6666667,21902,-0.09454710818967299,1395460416,0.0035193945249638926,1403626464.3333333
2024-06,표준형_실손의료,4106940,0.3318964510781157,4269248.666666667,266965769,0.2592970931568998,261045755.66666666,0,,271450671,0.2601173420039467,265660586
2024-06,표준형_운전자,8334882,-0.41932898979230704,8690183,445397876,0.0169888105968931,445264285.3333333,0,,457555291,0.00792102214729003,456255546.6666667
2024-06,표준형_어린이,3009339,-0.317245913749445,2812131,393726053,-0.013072594022302783,404767815.3333333,9080,0.6836640089004264,396950039,-0.016420159497013746,407769734.3333333
2024-06,표준형_치매간병,383441,-0.262414880929481,399854.3333333333,72928661,0.03499075203953547,84434050.66666667,0,,78547899,0.09474149054399585,94749371.33333333
2024-06,무저해지형_질병보험,21371262,0.9185823976644412,19509476,422675776,0.5749991024375412,409566629.6666667,0,,444800312,0.5862484452823644,429845487.3333333
2024-06,무저해지형_상해,8399591,0.3133022576296023,7580988.333333333,222287170,0.2051863827743671,212152483,0,,231171215,0.20742474515556208,220140433
2024-06,무저해지형_어린이,3633612,-0.26369085493120425,2843155.3333333335,220348967,0.06380263841188463,208971922,0,,223982731,0.056182046067234,211816422.33333334
2024-06,무저해지형_치매간병,493663,-0.9153159866478451,728526,33810336,0.03560954434735561,23056994.333333332,0,,39239225,-0.2842171395365619,24036810.666666668
2024-07,원리금보장형장기손해보험합계,84873886,0.11903598073231414,81159644.66666667,5575479024,0.06030175929621011,5534312391.333333,326018,-0.9681665450031851,5682785432,0.05702405833603282,5639868193.333333
2024-07,개인보험,84313280,0.11930620424378308,80548199.66666667,5552208988,0.06047154325446227,5511145085.333333,326018,-0.9681665450031851,5658803484,0.057177085371680474,5615815969.666667
2024-07,보장성보험,84117423,0.11838849214781337,81196295.33333333,5518738739,0.0741571811463293,5476346412.666667,226018,-0.0812164375988325,5623506165,0.07262679209139405,5579958982
2024-07,저축성보험,195857,0.7284448523571668,-648095.6666666666,33470249,-0.6579971374154417,34798672.666666664,100000,-0.9899953648525361,35297319,-0.679133699543828,35856987.666666664
2024-07,단체보험,560606,0.07982864693486812,611445,23270036,0.021288275703343733,23167306,0,,23981948,0.02211327385441192,24052223.666666668
2024-07,표준형,48155241,-0.07130994456506994,44654205.666666664,4590740699,0.03699866600284582,4568487867.333333,226018,-0.0812164375988325,4654593724,0.036388012483190874,4629975929
2024-07,무저해지환급형,35962182,0.5394640524420258,36542089.666666664,927998040,0.3055885280665083,907858545.3333334,0,,968912441,0.28917842254271153,949983053
2024-07,표준형_질병보험,9664774,-0.21342439647527758,9733067.333333334,1293529426,0.016809255887025604,1289821597,100313,0.5051616000960297,1304888418,0.014448293586930358,1301145120.6666667
2024-07,표준형_상해,13851477,-0.045542213405856125,11871117,1387568844,0.009939066560996641,1382530296,2622,873,1404764510,0.008523561102319376,1397908641
2024-07,표준형_실손의료,4288494,0.5466751397004672,4566377.666666667,271801252,0.261992422415798,266421563.33333334,0,,276381613,0.26542546725269656,271320972.3333333
2024-07,표준형_운전자,9829355,0.04368196509647525,8965753,444366290,0.004298263855365324,445040486.3333333,0,,455612677,0.004468025485519624,456273806
2024-07,표준형_어린이,3087468,-0.2621642005767964,3407305,392166083,-0.016871283507827867,393780693.6666667,15115,6.553723138430785,395438220,-0.01942968018849154,397382599.6666667
2024-07,표준형_치매간병,352069,-0.7980816932119996,432943.6666666667,71928213,0.0346632896458573,73204382.33333333,0,,77696326,0.0823342453835182,78962380
2024-07,무저해지형_질병보험,22263236,0.8772565648685483,21097499.666666668,440917547,0.5981967454353834,424549881,0,,463593583,0.6086822148718262,446308299
2024-07,무저해지형_상해,8031070,0.5354787914199012,9527201,222103279,0.18454627899320217,220675555.33333334,0,,230708895,0.19294425035760576,230724896.33333334
2024-07,무저해지형_어린이,4054543,-0.21916359625033027,4218005.333333333,221839200,0.05460201164157605,220548849.66666666,0,,225896505,0.048000214854966215,224767974
2024-07,무저해지형_치매간병,497453,0.4503468041249136,771721.6666666666,33895854,-0.0837952038840158,33532918,0,,38355418,-0.28517943477961955,38702880.333333336
2024-08,원리금보장형장기손해보험합계,82172286,-0.06767316587157864,82308386.66666667,5605549707,0.06835867785205495,5567493021.666667,112459,-0.9966408621692511,5711311439,0.05727902820794749,5673928342.333333
2024-08,개인보험,81688475,-0.06860612965522915,81777531,5582329258,0.06861786620130352,5544300674,112459,-0.9966408621692511,5687436211,0.05747886502289899,5649999665.666667
2024-08,보장성보험,81459709,-0.07021794838006472,81568878.66666667,5550248837,0.07340718595375659,5510839144.333333,111058,-0.669785710675218,5654156218,0.06871534266691467,5614919503.666667
2024-08,저축성보험,228766,1.433654961117435,208652.33333333334,32080421,-0.39692099498007233,33461529.666666668,1401,-0.9999577276228713,33279993,-0.6204710630222302,35080162
2024-08,단체보험,483811,0.12210695259101546,530855.6666666666,23220449,0.009495684054654483,23192347.666666668,0,,23875228,0.011734182275086436,23928676.666666668
2024-08,표준형,43101538,-0.17716088597634175,45199863.333333336,4598401170,0.03530434211184339,4581668009,95480,-0.7161045548746584,4659226834,0.034219423327076885,4644096396
2024-08,무저해지환급형,38358171,0.08878886275973792,36369015.333333336,951847667,0.30552856444659865,929171135.3333334,15578,,994929384,0.26654816187719393,970823107.6666666
2024-08,표준형_질병보험,9129145,-0.2923544410002813,9702441.333333334,1284975906,0.00844047147583983,1287573705,36471,-0.13792369876613247,1295535971,0.00532998665751138,1298843849.6666667
2024-08,표준형_상해,12565756,-0.15057783933117286,12796883.333333334,1378717174,0.00020583873836217928,1381996815.3333333,936,-0.9622428398547802,1394805642,-0.0017088581018599785,1398343522.6666667
2024-08,표준형_실손의료,3824028,0.31588875866212535,4073154,275603169,0.25327630785552696,271456730,0,,279705792,0.25391627556078034,275846025.3333333
2024-08,표준형_운전자,8480836,-0.0774690770487577,8881691,444313191,-0.0013834283450321137,444692452.3333333,0,,453898050,-0.0035124153841413134,455688672.6666667
2024-08,표준형_어린이,2614535,-0.5104197095326907,2903780.6666666665,389689730,-0.024181199277354206,391860622,2510,0.26831733198585145,392500221,-0.03056503237048975,394962826.6666667
2024-08,표준형_치매간병,390421,-0.6039623946813713,375310.3333333333,70673139,0.017250240389722393,71843337.66666667,0,,78900490,0.11370253542900077,78381571.66666667
2024-08,무저해지형_질병보험,24254087,0.49689318939494415,22629528.333333332,455757670,0.598545183163556,439783664.3333333,15578,,480389801,0.592483929543488,462927898.6666667
2024-08,무저해지형_상해,8411999,0.3499309708896627,8280886.666666667,229887236,0.2074070399110677,224759228.33333334,0,,238829064,0.21056367457589276,233569724.66666666
2024-08,무저해지형_어린이,4120153,-0.5474230820815524,3936102.6666666665,221963117,0.03596236175136173,221383761.33333334,0,,226087476,0.012184547590494848,225322237.33333334
2024-08,무저해지형_치매간병,494737,-0.8321982320911211,495284.3333333333,34163285,-0.11503904294562119,33956491.666666664,0,,38469489,-0.377152719211357,38688044
2024-09,원리금보장형장기손해보험합계,76777184,-0.06684032321859963,81274452,5601530814,0.06936150338630256,5594186515,112314,-0.9931491315853007,5693854968,0.06257246453153666,5695983946.333333
2024-09,개인보험,76266404,-0.06701409256823641,80756053,5578329381,0.06956494912970315,5570955875.666667,112314,-0.9931491315853007,5669984065,0.06276809473612348,5672074586.666667
2024-09,보장성보험,76122398,-0.07747021020703669,80566510,5547606664,0.07399055607374756,5538864746.666667,111564,-0.44557309267284223,5638219306,0.07033927907658805,5638627229.666667
2024-09,저축성보험,144006,-1.1869219776040456,189543,30722717,-0.3867447457335621,32091129,750,-0.9999536834101757,31764759,-0.5288237315983987,33447357
2024-09,단체보험,510780,-0.040147027872154906,518399,23201433,0.022595045771303956,23230639.333333332,0,,23870903,0.01805979132824141,23909359.666666668
2024-09,표준형,40648614,-0.05347787836014586,43968464.333333336,4573059285,0.0356234536224017,4587400384.666667,127142,-0.5586772326991631,4624733620,0.03391198197329181,4646184726
2024-09,무저해지환급형,35473784,-0.10350929448223467,36598045.666666664,974547379,0.29998599351532346,951464362,-15578,-0.8206725068781728,1013485686,0.27538673134744346,992442503.6666666
2024-09,표준형_질병보험,8681551,-0.30044810058855004,9158490,1279767903,0.014922280575443073,1286091078.3333333,52489,-0.8333888820114335,1289979864,0.011906746584073077,1296801417.6666667
2024-09,표준형_상해,12018337,-0.16028376554310084,12811856.666666666,1373251922,-0.0023498299199725273,1379845980,636,-1.0023643386357468,1388306094,-0.007700425325763559,1395958748.6666667
2024-09,표준형_실손의료,3333103,0.6567847538759015,3815208.3333333335,278897732,0.25598257534048424,275434051,0,-1,282547381,0.26407021955248833,279544928.6666667
2024-09,표준형_운전자,7444775,-0.24177311699432835,8584988.666666666,443628321,0.0012650772464384379,444102600.6666667,0,-1,452185434,-0.003985077903056643,453898720.3333333
2024-09,표준형_어린이,2466538,-10.919638691826327,2722847,387436881,-0.026529696436354673,389764231.3333333,3105,-1.0124766439635948,390045442,-0.014027846701770853,392661294.3333333
2024-09,표준형_치매간병,1086512,-1.4260510581164085,609667.3333333334,69341766,0.013987524147394058,70647706,0,-1,72661691,0.05945984494219721,76419502.33333333
2024-09,무저해지형_질병보험,23282096,0.12117452298631852,23266473,473078985,0.605593889846194,456584734,-15578,,496714056,0.5727265386727451,480232480
2024-09,무저해지형_상해,7472588,-0.5234812718707404,7971885.666666667,233905584,0.21367319494835096,228632033,0,-1,242098522,0.15738673006182424,237212160.33333334
2024-09,무저해지형_어린이,3327237,0.04400675496738613,3833977.6666666665,222519436,0.013578210902929754,222107251,0,-1,225856743,0.014660925200544765,225946908
2024-09,무저해지형_치매간병,556896,-1.6300612303083237,516362,34127890,-0.17366796143848873,34062343,0,-1,37065914,-0.17225142551694878,37963607
2024-10,원리금보장형장기손해보험합계,82648109,0.1388932410810079,80532526.33333333,5655282228,0.06197669698185349,5620787583,1721301,-0.9473661792075827,5796443163,0.064203824689478,5733869856.666667
2024-10,개인보험,82206200,0.14067729336028106,80053693,5632030308,0.06218404513579553,5597562982.333333,1721301,-0.9473661792075827,5772547565,0.06443720657776272,5709989280.333333
2024-10,보장성보험,81943428,0.1387663873739132,79841845,5602244993,0.06696235844833329,5566700164.666667,217726,0.03489317204173301,5698457346,0.06765643480114163,5663610956.666667
2024-10,저축성보험,262772,1.392795352310186,211848,29785315,-0.42345805793189345,30862817.666666668,1503575,-0.9537261031557592,74090219,-0.1359445883800413,46378323.666666664
2024-10,단체보험,441909,-0.11778586529689025,478833.3333333333,23251920,0.014030139982170243,23224600.666666668,0,,23895598,0.010672596248665,23880576.333333332
2024-10,표준형,41992341,-0.05619742215338299,41914164.333333336,4597812899,0.028576363797661743,4589757784.666667,217726,0.03489317204173301,4651097010,0.02776171142702944,4645019154.666667
2024-10,무저해지환급형,39951087,0.4545995954903178,37927680.666666664,1004432094,0.2867853289693471,976942380,0,,1047360336,0.29002935026450327,1018591802
2024-10,표준형_질병보험,8900861,-0.2685463699618917,8903852.333333334,1282061182,-0.0024735398211824635,1282268330.3333333,78373,0.15012547143507038,1292526012,-0.005143752791684594,1292680615.6666667
2024-10,표준형_상해,12494076,0.06968024597530333,12359389.666666666,1375913633,-0.006569859039147065,1375960909.6666667,21001,-0.06608262551696535,1391581341,-0.006451235894277831,1391564359
2024-10,표준형_실손의료,3483085,0.29480018259842916,3546738.6666666665,284308986,0.2463620890432291,279603295.6666667,0,,288121859,0.24667116888072688,283458344
2024-10,표준형_운전자,7759327,0.03550308729460963,7894979.333333333,444930569,-0.007778712363168253,444290693.6666667,0,,453783621,-0.007117945675024704,453289035
2024-10,표준형_어린이,2815429,-0.2753037468938048,2632167.3333333335,387599358,-0.03264312255889858,388241989.6666667,0,-1,390569402,-0.03495068922063275,391038355
2024-10,표준형_치매간병,717667,0.024582838411987756,731533.3333333334,69272982,0.01159732460892173,69762629,0,,72155562,0.03093456851920258,74572581
2024-10,무저해지형_질병보험,26593891,0.7865085337470387,24710024.666666668,493265990,0.5561479231405014,474034215,0,,520171007,0.5658462227716803,499091621.3333333
2024-10,무저해지형_상해,8035092,0.05873814615557936,7973226.333333333,240262905,0.21503816233672407,234685241.66666666,0,,248954108,0.20829610423905018,243293898
2024-10,무저해지형_어린이,3421042,-0.05508215104965799,3622810.6666666665,224776109,0.007797175402024014,223086220.66666666,0,,228204758,0.006791443172927874,226716325.66666666
2024-10,무저해지형_치매간병,994823,0.3657815651209309,682152,34435775,-0.15289107329643364,34242316.666666664,0,,37432909,-0.1527179140671486,37656104
2024-11,원리금보장형장기손해보험합계,93979432,0.2223878501145212,84468241.66666667,5647309012,0.06164860375141656,5634707351.333333,340965,-0.8907625969901846,5775626197,0.06614766285232325,5755308109.333333
2024-11,개인보험,93561848,0.22441112432222932,84011484,5624349292,0.0619012303242616,5611569660.333333,340965,-0.8907625969901846,5752072541,0.06642883698848928,5731534723.666667
2024-11,보장성보험,93400028,0.22357283895485847,83821951.33333333,5596047716,0.0664381711890297,5581966457.666667,235049,-0.21513243131336068,5705567357,0.06843975511879123,5680748003
2024-11,저축성보험,161820,1.025281602002503,189532.66666666666,28301576,-0.4232552736852863,29603202.666666668,105916,-0.9624656917725815,46505184,-0.13362531687149082,50786720.666666664
2024-11,단체보험,417584,-0.10790186544525435,456757.6666666667,22959720,0.003185502359568265,23137691,0,,23553656,0.0016525765309637387,23773385.666666668
2024-11,표준형,45326792,-0.09586747084105855,42655915.666666664,4572424037,0.026668865228776668,4581098740.333333,235049,-0.21513243131336068,4630757637,0.025334666474556143,4635529422.333333
2024-11,무저해지환급형,48073236,0.8347901573779114,41166035.666666664,1023623679,0.28957446825987193,1000867717.3333334,0,,1074809720,0.30476868782362415,1045218580.6666666
2024-11,표준형_질병보험,10142443,-0.2013532620404399,9241618.333333334,1269809009,-0.004574137526992445,1277212698,141587,1.6155878223601567,1281903906,-0.006719691665159976,1288136594
2024-11,표준형_상해,13601461,0.07398834847810089,12704624.666666666,1368681460,-0.007847212101555645,1372615671.6666667,10000,1,1384936290,-0.007449226956330758,1388274575
2024-11,표준형_실손의료,3395992,0.11410005862489678,3404060,287436835,0.2453386641208517,283547851,0,,291216712,0.24347466046550015,287295317.3333333
2024-11,표준형_운전자,9091016,-0.2352565700859075,8098372.666666667,441065956,-0.009267571802080102,443208282,0,,451330519,-0.015116502966297742,452433191.3333333
2024-11,표준형_어린이,2339145,-0.14975521083418783,2540370.6666666665,384276203,-0.03243811471901519,386437480.6666667,29442,-0.24020645161290322,386804988,-0.03326540819106956,389139944
2024-11,표준형_치매간병,605922,-0.1990498397893468,803367,68510578,0.016792518476757032,69041775.33333333,0,,71801825,0.030293799463517557,72206359.33333333
2024-11,무저해지형_질병보험,31790841,1.2491152169525175,27222276,508597431,0.5601004096247443,491647468.6666667,0,,540581683,0.5883610262560861,519155582
2024-11,무저해지형_상해,10405419,0.45014004680955555,8637699.666666666,243598831,0.21041994012049658,239255773.33333334,0,,254551789,0.2177069204737536,248534806.33333334
2024-11,무저해지형_어린이,4076004,0.17069160922834956,3608094.3333333335,224009739,0.0025368091008590395,223768428,0,,228089068,0.005111206806161989,227383523
2024-11,무저해지형_치매간병,489206,-0.30180156393389745,680308.3333333334,35179616,-0.12769713571839278,34581093.666666664,0,,38037352,-0.1354113106756383,37512058.333333336
2024-12,원리금보장형장기손해보험합계,93247742,0.20000001029515554,89958427.66666667,4653514194,-0.1336861085535977,5318701811.333333,299364,-0.45893932849079416,4762965238,-0.128927591921257,5445011532.666667
2024-12,개인보험,92740115,0.2010186319277703,89502721,4631764406,-0.1340409262358214,5296048002,299364,-0.45893932849079416,4741050651,-0.12915521089718554,5421890252.333333
2024-12,보장성보험,92587540,0.20056283113281786,89310332,4614370980,-0.12648418745499782,5270887896.333333,177548,0.35746288056027037,4721001548,-0.12166895392572863,5375008750.333333
2024-12,저축성보험,152575,0.5605502710442876,192389,17393426,-0.7371934702766643,25160105.666666668,121816,-0.7116760592382905,20049103,-0.7103934028796793,46881502
2024-12,단체보험,507627,0.03900779623758364,455706.6666666667,21749788,-0.05086786869713392,22653809.333333332,0,,21914587,-0.07671888144838594,23121280.333333332
2024-12,표준형,44010407,-0.07799118910466754,43776513.333333336,3858741935,-0.13711043096593767,4342992957,177548,0.35746288056027037,3914021295,-0.13629956272397753,4398625314
2024-12,무저해지환급형,48577133,0.6530178475892929,45533818.666666664,755629045,-0.06786490527274763,927894939.3333334,0,,806980253,-0.04304575527684361,976383436.3333334
2024-12,표준형_질병보험,9062269,-0.34324521446371425,9368524.333333334,1208201273,-0.0543126016370727,1253357154.6666667,106057,2.45563846078655,1219223153,-0.05747370586143103,1264551023.6666667
2024-12,표준형_상해,13463884,0.11111749310455868,13186473.666666666,818621766,-0.40789430437782853,1187738953,9000,-0.6176558052593568,834500780,-0.40287251083640657,1203672803.6666667
2024-12,표준형_실손의료,3638131,-0.004864990096875832,3505736,269826323,0.14258982796465122,280524048,0,,274025334,0.13994009902359802,284454635
2024-12,표준형_운전자,9263952,0.11689465027115338,8704765,411462403,-0.08104966840360278,432486309.3333333,0,,421871837,-0.07794003621898364,442328659
2024-12,표준형_어린이,3323195,0.13405922970398798,2825923,363835214,-0.0820655704699072,378570258.3333333,3807,-0.7791635245663902,367358241,-0.08059700994230125,381577543.6666667
2024-12,표준형_치매간병,-793583,-2.029218446438252,176668.66666666666,57623147,-0.13382831695197814,65135569,0,,58833694,-0.143030552735059,67597027
2024-12,무저해지형_질병보험,31811685,0.9230775275961517,30065472.333333332,393505915,0.17043216149562837,465123112,0,,425585350,0.20547869612136965,495446013.3333333
2024-12,무저해지형_상해,9343921,0.2631040720581011,9261477.333333334,145528002,-0.29065002233437565,209796579.33333334,0,,155303426,-0.27116002104024967,219603107.66666666
2024-12,무저해지형_어린이,4977169,0.26437655548981687,4158071.6666666665,167950122,-0.2535017929878281,205578656.66666666,0,,172929933,-0.2446043255974592,209741253
2024-12,무저해지형_치매간병,1179200,0.7291539580498334,887743,35233164,-0.13869801560202671,34949518.333333336,0,,38484544,-0.12553258559594563,37984935
2025-01,원리금보장형장기손해보험합계,70996813,-0.10446292142303344,86074662.33333333,5671916519,0.05320465941591,5324246575,13528339,47.899142623744844,5803136662,0.05122521368703001,5447242699
2025-01,개인보험,70446399,-0.10429205391168535,85582787.33333333,5649515021,0.05345982882579539,5301876239.666667,13528339,47.899142623744844,5780002677,0.051491529638227757,5424375289.666667
2025-01,보장성보험,70334486,-0.09241476304535726,85440684.66666667,5623436979,0.05751737178770183,5277951891.666667,104238,-0.46995291317922483,5735567586,0.052712975548984874,5387378830.333333
2025-01,저축성보험,111913,-0.9029006682503848,142102.66666666666,26078042,-0.4235120065954471,23924348,13424101,166.8012625,44435091,-0.08547382649357244,36996459.333333336
2025-01,단체보험,550414,-0.12580663093110978,491875,22401498,-0.007428018309247201,22370335.333333332,0,,23133985,-0.011337699764167947,22867409.333333332
2025-01,표준형,38792265,-0.22155508320034756,42709821.333333336,4538434788,0.01141547148279209,4323200253.333333,104238,-0.46995291317922483,4615777896,0.00631607965695605,4386852276
2025-01,무저해지환급형,31542221,0.14022059292935157,42730863.333333336,1085002191,0.30664530932526474,954751638.3333334,0,,1119789690,0.29972242255828385,1000526554.3333334
2025-01,표준형_질병보험,6988469,-0.4900623559055835,8731060.333333334,1249964766,-0.026214385478818696,1242658349.3333333,19814,-0.5226232351949116,1258323902,-0.031262499237305966,1253150320.3333333
2025-01,표준형_상해,11858949,-0.01192946784103619,12974764.666666666,1354393409,-0.017874979180864125,1180565545,10000,0.9751135690302193,1368263255,-0.01726365990441227,1195900108.3333333
2025-01,표준형_실손의료,3205602,-0.04366711784372965,3413241.6666666665,295628102,0.2252468468818254,284297086.6666667,0,,299285365,0.22136037175179588,288175803.6666667
2025-01,표준형_운전자,8170737,-0.026643266914776784,8841901.666666666,436284692,-0.026631100516662395,429604350.3333333,0,,445595898,-0.027738366987027134,439599418
2025-01,표준형_어린이,1943519,-0.2956940091270786,2535286.3333333335,376900137,-0.043282372049033284,375003851.3333333,8505,-0.8123593522481578,379037804,-0.04514084756670316,377733677.6666667
2025-01,표준형_치매간병,637979,-0.7161003542632406,150106,65207426,-0.016912056621105377,63780383.666666664,0,,95932799,-0.1251056012236965,75522772.66666667
2025-01,무저해지형_질병보험,20203949,0.26315876015065415,27935491.666666668,556128102,0.5868925645270647,486077149.3333333,0,,576570698,0.5724370374344642,514245910.3333333
2025-01,무저해지형_상해,6651121,0.04480007389340154,8800153.666666666,253677467,0.22168819383858274,214268100,0,,260780038,0.21585245903443145,223545084.33333334
2025-01,무저해지형_어린이,3048367,-0.1230693595092081,4033846.6666666665,225168267,-0.008090955583286522,205709376,0,,228226686,-0.009826217227073481,209748562.33333334
2025-01,무저해지형_치매간병,857026,0.4363146992377875,841810.6666666666,35793299,-0.12970103524179266,35402026.333333336,0,,39195454,-0.11997422303122136,38572450
2025-02,원리금보장형장기손해보험합계,82337342,0.03210161858000222,82193965.66666667,5807312299,0.07610965709268243,5377581004,777348,1.9724706561308698,5968683678,0.08574060509563088,5511595192.666667
2025-02,개인보험,81901540,0.03492112664873556,81696018,5784082416,0.07635793810806085,5355120614.333333,777348,1.9724706561308698,5944818349,0.08607260769119487,5488623892.333333
2025-02,보장성보험,81673496,0.04286790770326688,81531840.66666667,5758562922,0.07987664209805588,5332123627,227184,0.2522835250952195,5882740717,0.08351052418317968,5446436617
2025-02,저축성보험,228044,-0.7224766236536506,164177.33333333334,25519494,-0.379719611063167,22996987.333333332,550164,5.8684644194756554,62077632,0.39972390834887145,42187275.333333336
2025-02,단체보험,435802,-0.3173925649668018,497947.6666666667,23229883,0.01766063869969437,22460389.666666668,0,,23865329,0.008914610243087448,22971300.333333332
2025-02,표준형,37820334,-0.19211145662115772,40207668.666666664,4628114136,0.03157841878544755,4341763619.666667,227184,0.2522835250952195,4702753540,0.03502793101183816,4410850910.333333
2025-02,무저해지환급형,43853162,0.39205600308230887,41324172,1130448786,0.33595575116316434,990360007.3333334,0,,1179987177,0.33221459185452124,1035585706.6666666
2025-02,표준형_질병보험,7410967,-0.4778459355287101,7820568.333333333,1270696519,-0.00804253196711612,1242954186,71084,5.254498357274711,1279646354,-0.013223074238267116,1252397803
2025-02,표준형_상해,8112588,-0.31757917878656033,11145140.333333334,1373824699,0.00003055835208548304,1182279958,26909,0.8847797156265322,1385753876,-0.0021998301861469154,1196172637
2025-02,표준형_실손의료,3503257,0.06465611984049363,3448996.6666666665,306951572,0.2525223411938605,290801999,0,,310884769,0.2498874782267729,294731822.6666667
2025-02,표준형_운전자,8773001,0.17046281481953968,8735896.666666666,443297349,-0.008645790628666335,430348148,31,,453279269,-0.00592134046207313,440249001.3333333
2025-02,표준형_어린이,2016607,-0.27688488730532845,2427773.6666666665,385653328,-0.014694397601796541,375462893,21240,-0.5183134548432244,387829183,-0.016631853987023656,378075076
2025-02,표준형_치매간병,1656650,1.1721355646503537,500348.6666666667,65623948,-0.013847112314459589,62818173.666666664,0,,92967482,0.3819557131649476,82577991.66666667
2025-02,무저해지형_질병보험,24366562,0.34262466654184426,25460732,582502701,0.6102324141030925,510712239.3333333,0,,607530777,0.5961751727259653,536562275
2025-02,무저해지형_상해,13853547,0.8587188384432237,9949529.666666666,264081530,0.2570399987422249,221095666.33333334,0,,278408206,0.27657619501091046,231497223.33333334
2025-02,무저해지형_어린이,3683277,0.005879821420214426,3902937.6666666665,231747410,0.01815623086729288,208288599.66666666,0,,235440344,0.01795700500968299,212198987.66666666
2025-02,무저해지형_치매간병,1121061,-0.11161402168612068,1052429,36911179,-0.10981846281759869,35979214,0,,42573169,-0.13998790211625559,40084389
2025-03,원리금보장형장기손해보험합계,107725244,0.040020805218580945,87019799.66666667,5795145173,0.06499690486942981,5758124663.666667,1255638,1.922554097001476,6009675217,0.07544402316073055,5927165185.666667
2025-03,개인보험,107129990,0.04158016508317702,86492643,5772308543,0.06529653364650151,5735301993.333333,1255638,1.922554097001476,5985782151,0.07584293995958999,5903534392.333333
2025-03,보장성보험,107005234,0.04876424586585841,86337738.66666667,5747927370,0.06851278530325175,5709975757,242638,-0.3253256599857878,5909610305,0.07033455989940637,5842639536
2025-03,저축성보험,124756,-0.8485060880744579,154904.33333333334,24381173,-0.376881772100286,25326236.333333332,1013000,13.471428571428572,76171846,0.7908982159854991,60894856.333333336
2025-03,단체보험,595254,-0.18072485426806864,527156.6666666666,22836630,-0.005692031848352301,22822670.333333332,0,,23893066,-0.015965761300942485,23630793.333333332
2025-03,표준형,44282118,-0.21599408707056816,40298239,4603248432,0.02006628398250923,4589932452,242638,-0.3253256599857878,4691709334,0.022835248275570614,4670080256.666667
2025-03,무저해지환급형,62723116,0.37707851838854156,46039499.666666664,1144678938,0.32076881346655917,1120043305,0,,1217900971,0.30353113006112675,1172559279.3333333
2025-03,표준형_질병보험,8418050,-0.5027667278886272,7605828.666666667,1258938022,-0.02306118822152358,1259866435.6666667,7968,-0.900098722723052,1269295419,-0.02947657147527629,1269088558.3333333
2025-03,표준형_상해,11210865,-0.23567127259890266,10394134,1363297163,-0.010792673855225489,1363838423.6666667,21201,0.013432122370936902,1380599645,-0.01248547352959,1378205592
2025-03,표준형_실손의료,4231930,-0.003913406746313122,3646929.6666666665,311993560,0.24090152838171236,304857744.6666667,0,,317000856,0.23644361253081952,309056996.6666667
2025-03,표준형_운전자,9228278,0.0941879825150422,8724005.333333334,439927483,-0.01412138319014845,439836508,37,,450749066,-0.012492356764443605,449874744.3333333
2025-03,표준형_어린이,3024605,-0.1425699035612097,2328243.6666666665,381339379,-0.023046763667903373,381297614.6666667,79483,0.15692521843708224,384713534,-0.024187710533800744,383860173.6666667
2025-03,표준형_치매간병,1138139,-0.3325776000756241,1144256,65409286,-0.004575172758020212,65413553.333333336,0,,94571642,0.35866541133194474,94490641
2025-03,무저해지형_질병보험,37289305,0.4507620319201608,27286605.333333332,594724632,0.5850036783949153,577785145,0,,633401177,0.5737938428094335,605834217.3333334
2025-03,무저해지형_상해,17201898,0.38888887767493835,12568855.333333334,266117026,0.24352231016676276,261292007.66666666,0,,284078486,0.24958509863087996,274422243.3333333
2025-03,무저해지형_어린이,5642636,0.04798058279137011,4124760,230550068,0.007353479174643665,229155248.33333334,0,,236214168,0.00828324593548845,233293732.66666666
2025-03,무저해지형_치매간병,1261831,0.5216488605483962,1079972.6666666667,37550061,-0.11453391827519116,36751513,0,,47142543,-0.24937084648024438,42970388.666666664
2025-04,원리금보장형장기손해보험합계,93319253,0.2322726090887567,94460613,5829993498,0.062117738457934446,5810816990,3989723,13.591173738452424,6014151445,0.07596462520062652,5997503446.666667
2025-04,개인보험,92858734,0.23300905036467146,93963421.33333333,5807260717,0.06246945790151889,5787883892,3989723,13.591173738452424,5990682327,0.07636909906943135,5973760942.333333
2025-04,보장성보험,92751446,0.28367028149502366,93810058.66666667,5783856905,0.06544954881531075,5763449065.666667,97608,-0.765025349183193,5907427748,0.06949179601474538,5899926256.666667
2025-04,저축성보험,107288,-0.9648901885735379,153362.66666666666,23403812,-0.3717800212792303,24434826.333333332,3892115,-28.416211152123072,83254579,0.9796369219810812,73834685.66666667
2025-04,단체보험,460519,0.09981777929562026,497191.6666666667,22732781,-0.020698429289915735,22933098,0,,23469118,-0.018208708644514023,23742504.333333332
2025-04,표준형,43375131,-0.15731414145966932,41825861,4602055483,-0.008013195217489754,4611139350.333333,97608,-0.765025349183193,4669759993,-0.010849468902232954,4688074289
2025-04,무저해지환급형,49376315,1.3758713080484486,51984197.666666664,1181801422,0.49722180996306875,1152309715.3333333,0,,1237667755,0.5420655460418501,1211851967.6666667
2025-04,표준형_질병보험,9425097,-0.13083817138717355,8418038,1249403224,-0.034028145647372825,1259679255,15379,-0.6653538166942292,1260227576,-0.034963504947800095,1269723116.3333333
2025-04,표준형_상해,12547648,-0.25318718214703045,10623700.333333334,1354320446,-0.03372659306236427,1363814102.6666667,23000,-0.892874775269909,1370591085,-0.036096944916611855,1378981535.3333333
2025-04,표준형_실손의료,3246377,-0.04437010668195026,3660521.3333333335,317559962,0.24205110566869947,312168364.6666667,0,,321176113,0.23814784456776625,316353912.6666667
2025-04,표준형_운전자,7378813,-0.1803727682253382,8460030.666666666,438386535,-0.014945143286258362,440537122.3333333,31,,447035533,-0.01870753644862165,450354622.6666667
2025-04,표준형_어린이,2599771,0.9968347381535025,2546994.3333333335,378059027,-0.11071602462139776,381683911.3333333,6258,-0.37357357357357357,380811582,-0.10733258874133467,384451433
2025-04,표준형_치매간병,1534640,5.07054560701896,1443143,64738947,-0.3870417321539372,65257393.666666664,0,,79553963,-0.3638599026206387,89031029
2025-04,무저해지형_질병보험,29335837,0.6764135317313712,30330568,621584682,0.5697859598394155,599604005,0,,651647657,0.5732485705368394,630859870.3333334
2025-04,무저해지형_상해,15581871,6.10711711925387,15545772,272620164,0.3871395178307565,267606240,0,,288789148,0.4515262998126139,283758613.3333333
2025-04,무저해지형_어린이,3659332,-53.270944334138015,4328415,232274363,0.24138917278104063,231523947,0,,235938964,0.2614233873328349,235864492
2025-04,무저해지형_치매간병,824600,1.2415770960077854,1069164,38403787,14.560168357385063,37621675.666666664,0,,44398885,-8.868249063273831,44704865.666666664
2025-05,원리금보장형장기손해보험합계,77267119,-0.01853186860869196,92770538.66666667,5866283794,0.0654332485604303,5830474155,6031235,21.5993907282783,6004775414,0.07053577863741928,6009534025.333333
2025-05,개인보험,76807644,-0.015292687746374283,92265456,5843519299,0.06577892615877771,5807696186.333333,6031235,21.5993907282783,5981384984,0.07099516861450043,5985949820.666667
2025-05,보장성보험,76703356,-0.04528895044742436,92153345.33333333,5820695622,0.06865076658757537,5784159965.666667,229028,37.739512855209746,5922580110,0.06727103636836336,5913206054.333333
2025-05,저축성보험,104288,-1.044539389223388,112110.66666666667,22823677,-0.3676224133703315,23536220.666666668,5802207,21.233744884351864,58804874,0.6513366434085256,72743766.33333333
2025-05,단체보험,459475,-0.366747108171543,505082.6666666667,22764495,-0.01645382021871891,22777968.666666668,0,,23390430,-0.035281845332085233,23584204.666666668
2025-05,표준형,36351364,-0.12331495579418233,41336204.333333336,4607240224,0.010612186181177157,4604181379.666667,229028,37.739512855209746,4663232300,0.010042932303935747,4674900542.333333
2025-05,무저해지환급형,40351992,0.03792944557960855,50817141,1213455398,0.3666424961585939,1179978586,0,,1259347810,0.35063852114203675,1238305512
2025-05,표준형_질병보험,7257914,-0.2128949249991026,8367020.333333333,1243770831,-0.03712009298934666,1250704025.6666667,10762,-0.8636496091423937,1252283864,-0.03850920450691638,1260602286.3333333
2025-05,표준형_상해,10401241,0.06260271664880379,11386584.666666666,1358286726,-0.015960739575173254,1358634778.3333333,10000,-1.0564337270526358,1371448020,-0.01582559111724841,1374212916.6666667
2025-05,표준형_실손의료,2960656,-0.44177525911632615,3479654.3333333335,323731064,0.24274073254759143,317761528.6666667,0,,327055747,0.2289293544046844,321744238.6666667
2025-05,표준형_운전자,6804043,-0.22088333225314216,7803711.333333333,437621638,-0.01736954827413144,438645218.6666667,0,,445607965,-0.02204632709354006,447797521.3333333
2025-05,표준형_어린이,2376339,-0.42393290066587347,2666905,377279436,-0.045948948102647984,378892614,126751,19.391087516087516,379933200,-0.0495956644336743,381819438.6666667
2025-05,표준형_치매간병,653710,0.16045735912561399,1108829.6666666667,65369690,-0.12556247955271926,65172641,0,,76024958,-0.057264261838749254,83383521
2025-05,무저해지형_질병보험,22360180,0.13745950058706377,29661774,643485563,0.5692614199922587,619931625.6666666,0,,666548050,0.5481998901440319,650532294.6666666
2025-05,무저해지형_상해,14514398,0.19450804719502407,15766055.666666666,280155604,0.28726554735143184,272964264.6666667,0,,295075179,0.28129450671958717,289314271
2025-05,무저해지형_어린이,2747333,-0.44675596034605075,4016433.6666666665,233990323,0.06621729763778172,232271584.66666666,0,,236737657,0.05486460165973007,236296929.66666666
2025-05,무저해지형_치매간병,730081,-0.4485997119441954,938837.3333333334,39000511,0.18569385469615565,38318119.666666664,0,,44163527,0.1466876796327403,45234985
2025-06,원리금보장형장기손해보험합계,76943338,-0.036751216727983586,82509903.33333333,5893274375,0.06734173423790142,5863183889,8113566,58.032224267514536,6025543273,0.07069601334889601,6014823377.333333
2025-06,개인보험,76517352,-0.03546522475912835,82061243.33333333,5870621171,0.06770330414020245,5840467062.333333,8113566,58.032224267514536,6002174673,0.07109787368236967,5991413994.666667
2025-06,보장성보험,76318488,-0.03552424643025691,81924430,5848985253,0.0705506158268991,5817845926.666667,226819,0.6502768420363351,5952275777,0.06918861110781237,5927427878.333333
2025-06,저축성보험,198864,-0.012268171297446034,136813.33333333334,21635918,-0.37888361054063424,22621135.666666668,7886747,,49898896,0.3610086240760279,63986116.333333336
2025-06,단체보험,425986,-0.22286600383106814,448660,22653204,-0.018770836258917418,22716826.666666668,0,,23368600,-0.02341332351311099,23409382.666666668
2025-06,표준형,37550401,-0.15317950862429539,39092298.666666664,4610805782,0.012059983839396925,4606700496.333333,226819,0.6502768420363351,4669325910,0.011011719267648247,4667439401
2025-06,무저해지환급형,38768087,0.11445163815945367,42832131.333333336,1238179471,0.36413301075287025,1211145430.3333333,0,,1282949867,0.3524274488193257,1259988477.3333333
2025-06,표준형_질병보험,7182772,-0.3035498945304679,7955261,1243553955,-0.031662769246622785,1245576003.3333333,53068,11.23328722913785,1252108816,-0.033946532630835864,1254873418.6666667
2025-06,표준형_상해,10332380,-0.13705669818398541,11093756.333333334,1355085994,-0.017843266644933894,1355897722,19000,-0.13249931513103827,1369209731,-0.018811486659898204,1370416278.6666667
2025-06,표준형_실손의료,3026461,-0.2630861419937959,3077831.3333333335,332982416,0.24728506297749356,324757814,0,,336449330,0.2394492478524763,328227063.3333333
2025-06,표준형_운전자,7120587,-0.14568832528162967,7101147.666666667,436339456,-0.020337815890258085,437449209.6666667,31,,444752815,-0.02798017256454368,445798771
2025-06,표준형_어린이,2639498,-0.12289775262939802,2538536,376717936,-0.04319784497471393,377352133,4707,-0.4816079295154185,379556363,-0.04381830026725353,380100381.6666667
2025-06,표준형_치매간병,1361357,2.550368896388232,1183235.6666666667,65005452,-0.10864328086319863,65038029.666666664,0,,76595786,-0.0248525170609592,77391569
2025-06,무저해지형_질병보험,21465591,0.004413824508819367,24387202.666666668,659055021,0.5592448359283311,641375088.6666666,0,,681301264,0.5317014076195162,666498990.3333334
2025-06,무저해지형_상해,13851760,0.6490993430513462,14649343,288199749,0.29651994309883023,280325172.3333333,0,,302521722,0.3086478868054572,295462016.3333333
2025-06,무저해지형_어린이,2658731,-0.26829529404900687,3021798.6666666665,235374873,0.06819140658825962,233879853,0,,238033756,0.0627326264719935,236903459
2025-06,무저해지형_치매간병,792386,0.6051152304304759,782355.6666666666,39120027,0.15704342601031826,38841441.666666664,0,,44663705,0.13824126241025403,44408705.666666664
2025-07,원리금보장형장기손해보험합계,90494593,0.06622422119331263,81568350,5914711896,0.060843717739722594,5891423355,12356830,36.90229373838255,6078886072,0.06970184687416507,6036401586.333333
2025-07,개인보험,90005219,0.0675094006543216,81110071.66666667,5892583269,0.061304299196167075,5868907913,12356830,36.90229373838255,6056101615,0.0702088581311123,6013220424
2025-07,보장성보험,89926193,0.06905549163102631,80982679,5871958702,0.06400374790418213,5847213192.333333,176568,-0.21878788415081984,5987271659,0.06468660001904701,5954042515.333333
2025-07,저축성보험,79026,-0.5965117407087824,127392.66666666667,20624567,-0.38379403750477026,21694720.666666668,12180262,120.80262,68829956,0.9500052114439627,59177908.666666664
2025-07,단체보험,489374,-0.127062500222973,458278.3333333333,22128627,-0.04905059020965846,22515442,0,,22784457,-0.04993301628374809,23181162.333333332
2025-07,표준형,42881567,-0.10951401946051936,38927777.333333336,4609648988,0.0041187882827097575,4609231664.666667,176568,-0.21878788415081984,4673097243,0.003975324184491596,4668551817.666667
2025-07,무저해지환급형,47044626,0.3081693986199169,42054901.666666664,1262309714,0.36025040958060645,1237981527.6666667,0,,1314174416,0.35633970665466974,1285490697.6666667
2025-07,표준형_질병보험,8845458,-0.08477342563830256,7762048,1239448294,-0.04180896925339834,1242257693.3333333,121871,0.21490734002571948,1249764528,-0.04224414075533622,1251385736
2025-07,표준형_상해,11753174,-0.1514858668140589,10828931.666666666,1351703760,-0.02584742670973376,1355025493.3333333,926,-0.6468344774980931,1366869991,-0.0269757092596253,1369175914
2025-07,표준형_실손의료,3390305,-0.20944158951837172,3125807.3333333335,337748728,0.2426312443917661,331487402.6666667,0,,341494858,0.23559181196326545,334999978.3333333
2025-07,표준형_운전자,9128195,-0.07133326652664392,7684275,434216086,-0.022841975704322667,436059060,292,,444431137,-0.024541766646234035,444930639
2025-07,표준형_어린이,3145206,0.018700760623267997,2720347.6666666665,374921986,-0.043971413509515556,376306452.6666667,5383,-0.643863711544823,378219121,-0.043544346826161616,379236228
2025-07,표준형_치매간병,555483,0.5777674262715548,856850,64852912,-0.09836614458918923,65076018,0,,75532215,-0.027853453456731018,76050986.33333333
2025-07,무저해지형_질병보험,25948593,0.1655355492795387,23258121.333333332,674565695,0.5299134715543539,659035426.3333334,0,,700910018,0.511906212040903,682919777.3333334
2025-07,무저해지형_상해,16820655,1.0944475642722575,15062271,295484754,0.3303934787923595,287946702.3333333,0,,312858749,0.3560757984645542,303485216.6666667
2025-07,무저해지형_어린이,3464245,-0.14558928096212076,2956769.6666666665,236374192,0.06552039495274055,235246462.66666666,0,,239841199,0.06173045483815697,238204204
2025-07,무저해지형_치매간병,811361,0.6310304692101565,777942.6666666666,39484164,0.16486706604294438,39201567.333333336,0,,44163769,0.15143495503034277,44330333.666666664
2025-08,원리금보장형장기손해보험합계,78901130,-0.039808506726951715,82113020.33333333,5933731310,0.05854583763483163,5913905860.333333,68049517,604.1051227558488,6121985035,0.0719053058804836,6075471460
2025-08,개인보험,78497987,-0.03905677024818985,81673519.33333333,5907089041,0.05817639339968864,5890097827,68049517,604.1051227558488,6094796877,0.07162465667959998,6051024388.333333
2025-08,보장성보험,78589416,-0.03523573844340642,81611365.66666667,5882091159,0.059788728712092516,5867678371.333333,26725,-0.7593599740676044,5985539365,0.05860877100371619,5975028933.666667
2025-08,저축성보험,-91429,-1.3996616630093632,62153.666666666664,24997882,-0.22077450292812553,22419455.666666668,68022792,48552.0278372591,109257512,2.2829788155304,75995454.66666667
2025-08,단체보험,403143,-0.16673453063282975,439501,26642269,0.1473623528985163,23808033.333333332,0,,27188158,0.13876014084556595,24447071.666666668
2025-08,표준형,36542471,-0.1521770986455286,38991479.666666664,4015948761,-0.1266641137793552,4412134510.333333,26725,-0.7200984499371597,4072322252,-0.12596608899080702,4471581801.666667
2025-08,무저해지환급형,42046945,0.09616657686832879,42619886,1866142398,0.960547325688828,1455543861,0,-1,1913217113,0.9229677440102624,1503447132
2025-08,표준형_질병보험,12500697,0.3693173895255251,9509642.333333334,1312639548,0.021528529734159856,1265213932.3333333,16000,-0.5612952756985001,1326342348,0.02377886657691267,1276071897.3333333
2025-08,표준형_상해,7506871,-0.4025929677450366,9864141.666666666,1594369636,0.15641530117039074,1433719796.6666667,-57800,-62.75213675213675,1605096319,0.150767010591143,1447058680.3333333
2025-08,표준형_실손의료,3002374,-0.21486610453689148,3139713.3333333335,420624468,0.5261960503799578,363785204,0,,423964832,0.5157527806932221,367303006.6666667
2025-08,표준형_운전자,7425704,-0.12441367808550949,7891495.333333333,584871164,0.31634886347544877,485142235.3333333,103,,593529953,0.30762833856633665,494237968.3333333
2025-08,표준형_어린이,659434,-0.7477815366786064,2148046,503791224,0.2928008751988409,418477048.6666667,1622,-0.3537848605577689,504598739,0.2856011589353984,420791407.6666667
2025-08,표준형_치매간병,369594,-0.05334497888177121,762144.6666666666,72598046,0.027236755395851315,67485470,0,,85137275,0.07904621378143532,79088425.33333333
2025-08,무저해지형_질병보험,23988018,-0.010970068673374512,23800734,759037549,0.6654410862684987,697552755,0,-1,783277608,0.6305042412838402,721829630
2025-08,무저해지형_상해,16949017,1.0148619846483578,15873810.666666666,775501473,2.3733994391928745,453061992,0,,792963590,2.3202139501748413,469448020.3333333
2025-08,무저해지형_어린이,337381,-0.9181144486624647,2153452.3333333335,267899593,0.20695544656637707,246549552.66666666,0,,268241264,0.18644901852060128,248705406.33333334
2025-08,무저해지형_치매간병,771930,0.5602835445903581,791892.3333333334,47400567,0.3874709940803409,42001586,0,,52429765,0.3628921611098083,47085746.333333336
2025-09,원리금보장형장기손해보험합계,82634629,0.07629148003135931,84010117.33333333,5225932509,-0.0670527963643904,5691458571.666667,68036013,604.7660932742134,5467527822,-0.03974936967519893,5889466309.666667
2025-09,개인보험,82233381,0.07823860424833981,83578862.33333333,5203963677,-0.06711072050981853,5667878662.333333,68036013,604.7660932742134,5445352662,-0.039617642734944794,5865417051.333333
2025-09,보장성보험,82174368,0.0795031443964758,83563325.66666667,5185527980,-0.06526754795894808,5646525947,179665,0.6104209243125023,5288380323,-0.06204777856507166,5753730449
2025-09,저축성보험,59013,-0.5902045748093829,15536.666666666666,18435697,-0.3999327273040337,21352715.333333332,67856348,90474.13066666666,156972339,3.94171351969017,111686602.33333333
2025-09,단체보험,401248,-0.2144406593836877,431255,21968832,-0.053126071997363265,23579909.333333332,0,,22175160,-0.07103807509921178,24049258.333333332
2025-09,표준형,39489656,-0.028511624037168892,39637898,3997798895,-0.12579333749004742,4207798881.3333335,179665,0.4131050321687562,4054329874,-0.12333764339058301,4266583123
2025-09,무저해지환급형,42684712,0.2032748465740221,43925427.666666664,1187729085,0.21874945291910738,1438727065.6666667,0,-1,1234050449,0.21762987484363938,1487147326
2025-09,표준형_질병보험,8988585,0.03536626116692743,10111580,1208847482,-0.055416627369502015,1253645108,85842,0.6354283754691459,1219178221,-0.0548858513034898,1265095032.3333333
2025-09,표준형_상해,10847866,-0.09739042930814804,10035970.333333334,986693407,-0.2814913336782499,1310922267.6666667,0,-1,1000952880,-0.2790113906969568,1324306396.6666667
2025-09,표준형_실손의료,3016008,-0.0951350738336019,3136229,337169555,0.20893616660891312,365180917,0,,340495497,0.2050916762877374,368651729
2025-09,표준형_운전자,7881592,0.05867430513346609,8145163.666666667,434718756,-0.020083399950473407,484602002,115,,443532221,-0.019136425787655956,493831103.6666667
2025-09,표준형_어린이,2473073,0.002649462526018249,2092571,379263398,-0.021096295682805685,419325536,2617,-0.1571658615136876,381856792,-0.02099409227297162,421558217.3333333
2025-09,표준형_치매간병,713413,-0.3433915133933173,546163.3333333334,60517376,-0.12725937784740007,65989444.666666664,0,,69564186,-0.04262913451876588,76744558.66666667
2025-09,무저해지형_질병보험,24026039,0.03195343752555612,24654216.666666668,614857489,0.29969309247587905,682820244.3333334,0,-1,639250544,0.2869588373396061,707812723.3333334
2025-09,무저해지형_상해,15298297,1.047255515759734,16355989.666666666,312619057,0.3365181440046339,461201761.3333333,0,,328616955,0.35736869554288314,478146431.3333333
2025-09,무저해지형_어린이,2693129,-0.19058095350586687,2164918.3333333335,203234428,-0.08666662268548982,235836071,0,,205935555,-0.08820275956959142,238006006
2025-09,무저해지형_치매간병,666329,0.1965052720795265,749873.3333333334,41057264,0.20304138345499825,42647331.666666664,0,,44284215,0.1947422907202558,46959249.666666664
2025-10,원리금보장형장기손해보험합계,73262864,-0.11355668161748263,78266207.66666667,5918716299,0.04658194947295564,5692793372.666667,99235289,56.65132826855965,6151284222,0.06121703414001025,5913599026.333333
2025-10,개인보험,72823631,-0.11413456649255166,77851666.33333333,5895954140,0.04686122367365641,5669002286,99235289,56.65132826855965,6127902421,0.061559450485013024,5889350653.333333
2025-10,보장성보험,72721309,-0.11254250920525316,77828364.33333333,5876050422,0.04887423333719244,5647889853.666667,113035,-0.4808383013512396,5966770384,0.047085205996731876,5746896690.666667
2025-10,저축성보험,102322,-0.610605391746457,23302,19903718,-0.3317607015403396,21112432.333333332,99122254,64.92438288745157,161132037,1.174808485854253,142453962.66666666
2025-10,단체보험,439233,-0.006055545372463562,414541.3333333333,22762159,-0.021063249830551627,23791086.666666668,0,,23381801,-0.02150174270591596,24248373
2025-10,표준형,35333092,-0.15858246626450284,37121739.666666664,4469468626,-0.02791420090798262,4161072094,113035,-0.4808383013512396,4519851395,-0.028218206310859122,4215501173.6666665
2025-10,무저해지환급형,37388217,-0.06415019446154244,40706624.666666664,1406581796,0.400375201471808,1486817759.6666667,0,,1446918989,0.3814911060370726,1531395517
2025-10,표준형_질병보험,8240265,-0.07421708978490957,9909849,1238558457,-0.03393186347950749,1253348495.6666667,23777,-0.6966174575427763,1248106552,-0.0343663954052787,1264542373.6666667
2025-10,표준형_상해,9886099,-0.20873708467917115,9413612,1340983623,-0.025386775130528852,1307348888.6666667,1458,-0.9305747345364507,1354187948,-0.026871151472273154,1320079049
2025-10,표준형_실손의료,2751414,-0.2100640667683964,2923265.3333333335,363484492,0.27848400824024605,373759505,0,,366561668,0.2722452550884034,377007332.3333333
2025-10,표준형_운전자,6526147,-0.1589287318346037,7277814.333333333,452778078,0.01763760358753862,490789332.6666667,0,,460293657,0.01434612378836829,499118610.3333333
2025-10,표준형_어린이,2407516,-0.1448848470339689,1846674.3333333333,390896765,0.008507256093029958,424650462.3333333,2288,,393441184,0.0073528084516974014,426632238.3333333
2025-10,표준형_치매간병,720613,0.004104967902941058,601206.6666666666,63841392,-0.0784084912065717,65652271.333333336,0,,70855001,-0.018024403995356587,75185487.33333333
2025-10,무저해지형_질병보험,20402327,-0.23281903351412547,22805461.333333332,720622553,0.4609208167787931,698172530.3333334,0,,741321022,0.4251486761544939,721283058
2025-10,무저해지형_상해,13752200,0.711517428798575,15333171.333333334,388649738,0.6176019265229479,492256756,0,,403058850,0.6190086327075189,508213131.6666667
2025-10,무저해지형_어린이,2235068,-0.34667040042185976,1755192.6666666667,240076330,0.06806871543452156,237070117,0,,242320025,0.061853517532706306,238832281.33333334
2025-10,무저해지형_치매간병,963967,-0.031016572797371994,800742,41524279,0.2058470878033092,43327370,0,,44473088,0.18807458966119892,47062356
2025-11,원리금보장형장기손해보험합계,78102019,-0.16894561567471486,77999837.33333333,5925686825,0.04929388712543857,5690111877.666667,59679637,174.0315633569428,6123676468,0.060261910852330736,5914162837.333333
2025-11,개인보험,77696036,-0.16957565865949975,77584349.33333333,5903079207,0.049557717796165635,5667665674.666667,59679637,174.0315633569428,6100574143,0.0605871361176215,5891276408.666667
2025-11,보장성보험,77620868,-0.16894170524231533,77505515,5884878564,0.051613364048735,5648818988.666667,109972,-0.5321315980923127,5982438311,0.04852645436922497,5745863006
2025-11,저축성보험,75168,-0.535483870967742,78834.33333333333,18200643,-0.3569035519435384,18846686,59569665,561.4236659239398,118135832,1.5402723274893397,145413402.66666666
2025-11,단체보험,405983,-0.027781236828997278,415488,22607618,-0.01533563998167225,22446203,0,,23102325,-0.019161823540260588,22886428.666666668
2025-11,표준형,39662735,-0.12496046488355055,38161827.666666664,4463074512,-0.023915000908740082,4310114011,109972,-0.5321315980923127,4519646264,-0.023994210388428496,4364609177.666667
2025-11,무저해지환급형,37958133,-0.21041027901679013,39343687.333333336,1421804052,0.3889909750710251,1338704977.6666667,0,,1462792047,0.3609776872877555,1381253828.3333333
2025-11,표준형_질병보험,7723156,-0.2385309929767414,8317335.333333333,1230325274,-0.031094231274271893,1225910404.3333333,42622,-0.6989695381638145,1239646076,-0.032964896824333415,1235643616.3333333
2025-11,표준형_상해,10279237,-0.2442549370247799,10337734,1341728547,-0.019692612041373014,1223135192.3333333,13947,0.3947,1354677240,-0.02184869457063617,1236606022.6666667
2025-11,표준형_실손의료,3023488,-0.1096893043328724,2930303.3333333335,368350970,0.281502316848152,356335005.6666667,0,,371742942,0.27651651392863746,359600035.6666667
2025-11,표준형_운전자,9976026,0.09734995516452727,8127921.666666667,449250353,0.018555948126724158,445582395.6666667,0,,460248760,0.01975988909360681,454691546
2025-11,표준형_어린이,2648285,0.1321594001226944,2509624.6666666665,390766279,0.016889091620383268,386975480.6666667,-24495,-1.831974729977583,393514097,0.017344939202283503,389604024.3333333
2025-11,표준형_치매간병,816849,0.34810916256547875,750291.6666666666,63394190,-0.07468026324343666,62584319.333333336,0,,71950645,0.0020726492676195903,70789944
2025-11,무저해지형_질병보험,20692288,-0.3491116513715381,21706884.666666668,726545970,0.42852858806516464,687342004,0,,747424899,0.38263082620947775,709332155
2025-11,무저해지형_상해,14563307,0.39958871430357584,14537934.666666666,397547484,0.6319761567328703,366272093,0,,412654770,0.6211033975487008,381443525
2025-11,무저해지형_어린이,2341268,-0.42559722708809905,2423155,240268369,0.07258001403233634,227859709,0,,242613742,0.0636798340550017,230289774
2025-11,무저해지형_치매간병,311138,-0.36399390032011053,647144.6666666666,41698256,0.1852959395577257,41426599.666666664,0,,44304531,0.16476380900542184,44353944.666666664